period,year,month,wheat_hrw_usd_t,wheat_srw_usd_t,barley_usd_t,maize_usd_t,rapeseed_oil_usd_t,sunflower_oil_usd_t,soybean_oil_usd_t,palm_oil_usd_t,dap_fertilizer_usd_t,urea_fertilizer_usd_t,source
1990M01,1990,1,167.92,163.0,75.57,105.6,,,417.0,279.0,138.5,104.5,WorldBank_PinkSheet
1990M02,1990,2,160.94,155.52,73.86,106.07,,,428.0,271.0,139.75,106.25,WorldBank_PinkSheet
1990M03,1990,3,156.53,153.26,70.04,109.7,,,442.0,286.0,146.0,111.0,WorldBank_PinkSheet
1990M04,1990,4,159.47,150.69,68.77,118.82,,,440.0,267.0,155.2,111.0,WorldBank_PinkSheet
1990M05,1990,5,149.18,133.49,71.03,121.04,,,449.0,281.0,149.125,107.0,WorldBank_PinkSheet
1990M06,1990,6,135.58,130.49,80.23,120.86,,,435.0,272.0,152.75,107.0,WorldBank_PinkSheet
1990M07,1990,7,124.93,119.55,77.99,114.91,,,437.0,279.0,160.7,107.0,WorldBank_PinkSheet
1990M08,1990,8,116.84,115.12,83.78,110.05,,,460.0,291.0,160.5,114.875,WorldBank_PinkSheet
1990M09,1990,9,114.27,108.46,88.39,101.52,,,461.0,284.0,165.875,90.625,WorldBank_PinkSheet
1990M10,1990,10,114.64,104.77,88.16,100.34,,,468.0,290.0,165.7,136.5,WorldBank_PinkSheet
1990M11,1990,11,112.8,106.37,91.47,100.39,,,455.0,331.0,163.375,144.5,WorldBank_PinkSheet
1990M12,1990,12,113.17,108.35,89.81,102.01,,,476.0,346.0,158.625,147.5,WorldBank_PinkSheet
1991M01,1991,1,111.33,107.07,93.88,105.67,,,455.0,349.0,157.375,151.0,WorldBank_PinkSheet
1991M02,1991,2,113.91,106.37,92.04,106.1,,,445.0,338.0,160.625,151.0,WorldBank_PinkSheet
1991M03,1991,3,119.42,116.16,88.09,109.54,,,453.0,348.0,163.625,145.0,WorldBank_PinkSheet
1991M04,1991,4,120.89,117.05,85.15,110.33,,,460.0,319.0,166.0,143.5,WorldBank_PinkSheet
1991M05,1991,5,121.99,115.63,85.3,105.7,,,444.0,318.0,165.25,138.5,WorldBank_PinkSheet
1991M06,1991,6,120.15,118.18,71.28,104.21,,,440.0,311.0,159.25,135.5,WorldBank_PinkSheet
1991M07,1991,7,118.31,116.23,72.27,105.11,,,431.0,341.0,163.5,132.5,WorldBank_PinkSheet
1991M08,1991,8,125.3,127.06,67.06,110.43,,,457.0,338.0,161.875,132.5,WorldBank_PinkSheet
1991M09,1991,9,135.22,137.56,67.43,108.85,,,468.0,323.0,159.5,132.5,WorldBank_PinkSheet
1991M10,1991,10,146.97,147.2,68.21,109.7,,,485.0,345.0,155.0,132.5,WorldBank_PinkSheet
1991M11,1991,11,149.55,147.04,73.3,106.49,,,466.0,362.0,143.5,134.375,WorldBank_PinkSheet
1991M12,1991,12,160.94,157.81,75.43,106.91,,,442.0,376.0,143.5,131.875,WorldBank_PinkSheet
1992M01,1992,1,170.12,167.26,73.42,109.31,,,429.0,383.0,145.25,122.5,WorldBank_PinkSheet
1992M02,1992,2,177.1,170.12,71.28,113.62,,,414.0,382.0,147.875,120.625,WorldBank_PinkSheet
1992M03,1992,3,169.39,161.44,72.64,117.0,,,434.0,396.0,144.8,120.0,WorldBank_PinkSheet
1992M04,1992,4,159.83,153.07,75.23,108.52,,,425.0,402.0,142.75,120.0,WorldBank_PinkSheet
1992M05,1992,5,149.55,139.72,84.78,109.64,,,439.0,390.0,140.5,120.0,WorldBank_PinkSheet
1992M06,1992,6,148.81,140.36,84.89,110.9,,,456.0,404.0,143.5,120.0,WorldBank_PinkSheet
1992M07,1992,7,136.32,129.93,77.37,102.75,,,429.0,382.0,146.0,120.0,WorldBank_PinkSheet
1992M08,1992,8,128.24,118.8,77.04,96.96,,,409.0,382.0,131.4,120.0,WorldBank_PinkSheet
1992M09,1992,9,138.89,131.47,83.57,98.05,,,421.0,391.0,131.25,120.0,WorldBank_PinkSheet
1992M10,1992,10,140.73,137.42,82.21,95.11,,,418.0,396.0,130.125,116.875,WorldBank_PinkSheet
1992M11,1992,11,147.71,145.84,82.12,94.48,,,437.0,413.0,126.4,107.5,WorldBank_PinkSheet
1992M12,1992,12,147.71,146.27,79.55,94.61,,,436.0,401.0,124.625,103.75,WorldBank_PinkSheet
1993M01,1993,1,155.79,156.92,75.08,94.21,,,444.0,410.0,123.75,102.5,WorldBank_PinkSheet
1993M02,1993,2,148.81,149.43,74.83,94.38,,,433.0,425.0,120.25,102.5,WorldBank_PinkSheet
1993M03,1993,3,148.08,145.46,75.16,97.14,,,438.0,408.0,115.1,86.2,WorldBank_PinkSheet
1993M04,1993,4,141.83,156.34,77.45,100.55,,,448.0,392.0,112.75,81.0,WorldBank_PinkSheet
1993M05,1993,5,136.69,140.09,77.46,98.59,,,448.0,371.0,115.1,81.0,WorldBank_PinkSheet
1993M06,1993,6,121.99,112.25,75.3,92.76,,,461.0,356.0,113.875,81.0,WorldBank_PinkSheet
1993M07,1993,7,127.5,116.77,74.03,101.25,,,505.0,362.0,112.875,81.0,WorldBank_PinkSheet
1993M08,1993,8,129.71,119.55,69.69,100.31,,,483.0,356.0,113.1,81.0,WorldBank_PinkSheet
1993M09,1993,9,131.17,115.71,64.41,100.9,,,489.0,352.0,116.875,81.0,WorldBank_PinkSheet
1993M10,1993,10,135.95,127.87,60.95,106.53,,,491.0,333.0,129.5,81.0,WorldBank_PinkSheet
1993M11,1993,11,146.61,136.41,63.85,116.67,,,536.0,357.0,140.4,82.8,WorldBank_PinkSheet
1993M12,1993,12,158.73,140.49,68.31,121.79,,,589.0,411.0,150.375,85.5,WorldBank_PinkSheet
1994M01,1994,1,153.22,152.71,74.62,127.23,,,602.0,404.0,150.0,85.5,WorldBank_PinkSheet
1994M02,1994,2,146.97,144.19,72.29,123.22,,,577.0,387.0,151.75,85.5,WorldBank_PinkSheet
1994M03,1994,3,141.1,133.49,68.29,119.4,,,586.0,395.0,155.875,98.625,WorldBank_PinkSheet
1994M04,1994,4,140.36,129.98,66.89,113.23,,,584.0,434.0,162.25,103.5,WorldBank_PinkSheet
1994M05,1994,5,139.99,125.25,68.55,109.59,,,594.0,488.0,159.2,103.5,WorldBank_PinkSheet
1994M06,1994,6,139.26,120.15,67.78,112.16,,,571.0,508.0,157.625,103.5,WorldBank_PinkSheet
1994M07,1994,7,137.42,119.51,64.32,97.83,,,560.0,494.0,158.625,106.5,WorldBank_PinkSheet
1994M08,1994,8,145.87,128.15,66.16,95.99,,,600.0,575.0,161.1,88.0,WorldBank_PinkSheet
1994M09,1994,9,158.73,142.12,72.27,97.51,,,672.0,614.0,164.0,88.0,WorldBank_PinkSheet
1994M10,1994,10,167.18,157.38,80.14,96.48,,,642.0,616.0,167.125,88.0,WorldBank_PinkSheet
1994M11,1994,11,162.04,152.39,83.98,95.47,,,706.0,707.0,165.875,88.0,WorldBank_PinkSheet
1994M12,1994,12,164.61,157.34,86.49,102.49,,,693.0,719.0,171.66666666667,88.0,WorldBank_PinkSheet
1995M01,1995,1,156.16,152.99,85.45,106.96,,,674.0,655.0,188.2,159.6,WorldBank_PinkSheet
1995M02,1995,2,154.32,149.71,85.77,106.69,,,663.0,661.0,198.625,177.5,WorldBank_PinkSheet
1995M03,1995,3,150.28,143.08,90.83,109.7,,,652.0,687.0,205.625,191.25,WorldBank_PinkSheet
1995M04,1995,4,148.81,140.68,93.4,109.3,,,610.0,625.0,204.5,205.0,WorldBank_PinkSheet
1995M05,1995,5,158.73,143.28,100.79,111.97,,,595.0,611.0,197.8,159.0,WorldBank_PinkSheet
1995M06,1995,6,170.12,153.48,105.77,119.86,,,611.0,631.0,185.625,90.0,WorldBank_PinkSheet
1995M07,1995,7,190.7,173.36,112.97,126.99,,,626.0,655.0,180.8,90.0,WorldBank_PinkSheet
1995M08,1995,8,184.45,168.47,104.87,126.44,,,616.0,616.0,185.25,90.0,WorldBank_PinkSheet
1995M09,1995,9,193.64,185.61,104.82,130.48,,,614.0,586.0,192.0,90.0,WorldBank_PinkSheet
1995M10,1995,10,203.73,194.04,112.7,140.86,,,638.0,615.0,204.8,90.0,WorldBank_PinkSheet
1995M11,1995,11,203.93,198.27,125.76,143.95,,,623.0,607.0,224.875,90.0,WorldBank_PinkSheet
1995M12,1995,12,208.92,205.33,125.0,148.65,,,579.0,590.0,229.16666666667,90.0,WorldBank_PinkSheet
1996M01,1996,1,206.88,196.98,124.93,156.13,,,554.0,535.0,226.3,90.0,WorldBank_PinkSheet
1996M02,1996,2,218.89,203.96,123.31,164.81,,,548.0,518.0,225.875,90.0,WorldBank_PinkSheet
1996M03,1996,3,215.32,205.51,124.47,184.86,,,538.0,519.0,221.0,90.0,WorldBank_PinkSheet
1996M04,1996,4,257.61,247.52,132.69,190.37,,,582.0,562.0,210.75,160.4,WorldBank_PinkSheet
1996M05,1996,5,262.11,213.43,137.79,204.02,,,591.0,552.0,186.125,169.5,WorldBank_PinkSheet
1996M06,1996,6,227.34,180.6,138.14,197.55,,,563.0,508.0,182.125,172.125,WorldBank_PinkSheet
1996M07,1996,7,202.6,181.08,133.09,197.8,,,549.0,476.0,188.0,184.5,WorldBank_PinkSheet
1996M08,1996,8,191.63,174.99,115.01,185.5,,,565.0,513.0,189.875,187.0,WorldBank_PinkSheet
1996M09,1996,9,178.71,169.71,103.4,145.39,,,569.0,545.0,186.7,181.4,WorldBank_PinkSheet
1996M10,1996,10,178.0,158.44,102.41,127.85,,,528.0,532.0,183.75,172.25,WorldBank_PinkSheet
1996M11,1996,11,176.41,158.21,99.99,117.74,,,517.0,550.0,188.25,172.625,WorldBank_PinkSheet
1996M12,1996,12,175.7,158.6,100.76,117.69,,,514.0,561.0,188.5,174.5,WorldBank_PinkSheet
1997M01,1997,1,175.73,154.01,98.97,118.36,,,534.0,567.0,188.0,173.5,WorldBank_PinkSheet
1997M02,1997,2,172.35,143.58,97.73,121.67,,,527.0,580.0,187.375,160.375,WorldBank_PinkSheet
1997M03,1997,3,176.61,153.8,99.75,127.6,,,541.0,559.0,187.4,148.0,WorldBank_PinkSheet
1997M04,1997,4,183.49,158.62,97.87,124.4,,,541.0,562.0,188.5,135.0,WorldBank_PinkSheet
1997M05,1997,5,172.59,152.65,100.07,118.77,,,541.0,553.0,188.5,113.125,WorldBank_PinkSheet
1997M06,1997,6,148.39,131.59,94.94,112.05,,,550.0,533.0,187.0,108.5,WorldBank_PinkSheet
1997M07,1997,7,136.21,127.78,91.66,106.06,,,535.0,498.0,186.875,112.5,WorldBank_PinkSheet
1997M08,1997,8,150.61,140.91,91.3,112.92,,,544.0,504.0,186.625,102.5,WorldBank_PinkSheet
1997M09,1997,9,151.74,143.22,92.51,112.24,,,555.0,525.0,186.6,88.3,WorldBank_PinkSheet
1997M10,1997,10,151.59,143.65,102.71,120.36,,,611.0,547.0,186.0,87.5,WorldBank_PinkSheet
1997M11,1997,11,149.88,138.23,102.27,117.22,,,676.0,556.0,185.5,90.625,WorldBank_PinkSheet
1997M12,1997,12,144.62,135.74,97.08,113.45,,,622.0,566.0,185.5,90.0,WorldBank_PinkSheet
1998M01,1998,1,137.1,130.21,95.77,114.71,,,625.0,621.0,184.0,86.25,WorldBank_PinkSheet
1998M02,1998,2,140.05,127.32,91.49,113.38,,,634.0,659.0,183.5,77.5,WorldBank_PinkSheet
1998M03,1998,3,138.92,129.85,93.04,114.21,,,652.0,671.0,183.5,84.5,WorldBank_PinkSheet
1998M04,1998,4,130.15,118.33,91.85,107.12,,,662.0,688.0,185.0,100.0,WorldBank_PinkSheet
1998M05,1998,5,128.92,112.29,93.01,106.1,,,671.0,705.0,186.5,95.0,WorldBank_PinkSheet
1998M06,1998,6,120.64,107.18,91.57,104.23,,,629.0,633.0,189.2,88.4,WorldBank_PinkSheet
1998M07,1998,7,118.9,96.78,85.2,100.51,,,612.0,661.0,190.5,86.0,WorldBank_PinkSheet
1998M08,1998,8,107.95,92.85,73.2,87.86,,,592.0,674.0,190.5,85.5,WorldBank_PinkSheet
1998M09,1998,9,107.93,96.34,73.12,86.31,,,615.0,703.0,190.5,83.625,WorldBank_PinkSheet
1998M10,1998,10,126.54,107.64,74.74,95.53,,,614.0,694.0,189.625,75.625,WorldBank_PinkSheet
1998M11,1998,11,130.21,115.28,79.26,98.12,,,614.0,681.0,186.7,70.7,WorldBank_PinkSheet
1998M12,1998,12,126.21,104.11,78.39,95.76,,,591.0,663.0,182.83333333333,65.5,WorldBank_PinkSheet
1999M01,1999,1,125.29,103.18,77.71,97.44,,,541.63,632.0,181.75,64.5,WorldBank_PinkSheet
1999M02,1999,2,117.03,94.96,75.31,94.19,,,482.36,561.0,181.625,64.0,WorldBank_PinkSheet
1999M03,1999,3,117.34,100.24,75.2,96.18,,,444.36,497.0,181.75,75.5,WorldBank_PinkSheet
1999M04,1999,4,113.87,99.65,79.73,94.13,,,442.68,509.0,180.5,64.5,WorldBank_PinkSheet
1999M05,1999,5,113.0,96.59,81.53,92.49,,,421.5,475.0,180.5,64.9,WorldBank_PinkSheet
1999M06,1999,6,111.41,92.94,80.54,93.65,,,405.88,392.0,180.5,63.75,WorldBank_PinkSheet
1999M07,1999,7,103.02,85.3,76.86,83.99,,,391.4,319.0,177.0,62.75,WorldBank_PinkSheet
1999M08,1999,8,111.3,92.78,75.15,85.65,,,412.37,354.0,172.4,65.7,WorldBank_PinkSheet
1999M09,1999,9,113.19,102.06,71.44,86.47,,,413.93,388.0,164.375,67.5,WorldBank_PinkSheet
1999M10,1999,10,108.1,98.67,72.29,85.8,,,399.53,381.0,157.0,65.375,WorldBank_PinkSheet
1999M11,1999,11,108.8,96.91,73.14,85.43,,,387.31,370.0,148.3,66.0,WorldBank_PinkSheet
1999M12,1999,12,102.16,92.06,72.36,87.18,,,374.67,354.0,147.5,66.83333333333,WorldBank_PinkSheet
2000M01,2000,1,105.83,98.56,73.13,93.29,,,369.79,348.0,147.2,77.4,WorldBank_PinkSheet
2000M02,2000,2,107.93,100.06,73.36,95.15,,,357.94,332.0,144.5,90.125,WorldBank_PinkSheet
2000M03,2000,3,105.7,97.19,74.4,95.05,,,363.49,349.0,143.0,88.75,WorldBank_PinkSheet
2000M04,2000,4,105.11,95.19,76.95,95.2,,,366.24,372.0,143.0,83.25,WorldBank_PinkSheet
2000M05,2000,5,112.14,104.28,78.26,96.35,,,337.97,324.0,143.0,91.0,WorldBank_PinkSheet
2000M06,2000,6,113.51,99.28,78.48,84.33,,,330.17,315.0,142.0,105.125,WorldBank_PinkSheet
2000M07,2000,7,108.98,91.17,78.68,75.27,,,339.3,312.0,140.3,121.7,WorldBank_PinkSheet
2000M08,2000,8,108.36,90.87,75.13,75.58,,,328.92,306.0,148.625,133.375,WorldBank_PinkSheet
2000M09,2000,9,117.49,97.88,73.21,80.43,,,312.49,288.0,157.5,113.875,WorldBank_PinkSheet
2000M10,2000,10,128.18,104.33,76.15,85.03,,,314.02,255.0,155.9,111.1,WorldBank_PinkSheet
2000M11,2000,11,127.73,103.21,82.46,89.17,,,316.78,257.0,153.5,99.375,WorldBank_PinkSheet
2000M12,2000,12,128.09,104.95,86.6,97.56,,,320.57,265.0,153.5,96.0,WorldBank_PinkSheet
2001M01,2001,1,132.84,110.37,85.75,95.15,,,304.81,254.0,154.5,121.0,WorldBank_PinkSheet
2001M02,2001,2,128.11,106.74,82.31,91.97,,,303.78,240.0,159.0,105.25,WorldBank_PinkSheet
2001M03,2001,3,130.2,103.49,83.07,90.25,,,327.63,254.0,159.125,98.875,WorldBank_PinkSheet
2001M04,2001,4,129.67,101.09,84.72,87.99,,,326.01,251.0,151.3,95.3,WorldBank_PinkSheet
2001M05,2001,5,134.86,102.55,89.73,84.09,,,295.17,234.0,142.0,85.0,WorldBank_PinkSheet
2001M06,2001,6,127.23,97.42,95.06,83.31,,,286.89,255.0,133.125,87.5,WorldBank_PinkSheet
2001M07,2001,7,123.79,107.98,101.98,91.73,,,421.36,330.0,135.0,87.5,WorldBank_PinkSheet
2001M08,2001,8,121.92,105.91,99.39,93.14,,,427.49,362.0,135.0,88.75,WorldBank_PinkSheet
2001M09,2001,9,122.03,107.57,99.61,90.08,,,385.09,310.0,135.0,94.5,WorldBank_PinkSheet
2001M10,2001,10,123.34,115.01,101.79,86.56,,,373.03,277.0,135.9,96.1,WorldBank_PinkSheet
2001M11,2001,11,125.27,116.36,100.97,89.54,,,390.69,323.0,140.5,96.5,WorldBank_PinkSheet
2001M12,2001,12,122.44,118.2,102.86,91.88,,,396.87,359.5,141.66666666667,101.16666666667,WorldBank_PinkSheet
2002M01,2002,1,125.31,121.68,99.27,91.98,,,389.18,373.8,146.0,104.125,WorldBank_PinkSheet
2002M02,2002,2,123.28,113.38,99.01,90.82,423.45,578.0,364.92,352.98,150.25,99.625,WorldBank_PinkSheet
2002M03,2002,3,122.54,116.62,98.95,89.61,415.85,557.0,359.21,359.0,149.75,90.25,WorldBank_PinkSheet
2002M04,2002,4,123.72,112.99,95.82,87.13,410.77,552.0,370.86,360.07,147.8,84.7,WorldBank_PinkSheet
2002M05,2002,5,121.46,110.91,97.55,90.27,414.82,574.0,399.89,384.91,143.875,85.5,WorldBank_PinkSheet
2002M06,2002,6,132.03,115.44,104.11,94.09,451.04,595.0,456.81,426.13,149.5,92.75,WorldBank_PinkSheet
2002M07,2002,7,149.31,123.5,114.23,98.69,477.29,,489.63,422.22,160.5,94.2,WorldBank_PinkSheet
2002M08,2002,8,161.26,130.05,120.99,108.93,521.14,610.0,502.75,446.09,162.5,105.0,WorldBank_PinkSheet
2002M09,2002,9,187.84,151.84,119.75,114.14,525.01,,505.67,424.76,160.9,93.0,WorldBank_PinkSheet
2002M10,2002,10,190.32,156.82,120.61,109.7,539.31,,528.57,427.24,156.25,92.25,WorldBank_PinkSheet
2002M11,2002,11,177.38,160.02,120.13,108.93,593.04,,582.0,465.02,151.5,92.25,WorldBank_PinkSheet
2002M12,2002,12,162.48,146.24,117.19,106.96,616.49,,591.03,488.52,147.5,99.375,WorldBank_PinkSheet
2003M01,2003,1,149.608,137.5316,113.7,106.1361,623.72,612.0,540.72,486.11,149.75,112.0,WorldBank_PinkSheet
2003M02,2003,2,150.8382,140.7742,114.15,105.8507,585.76,595.0,522.43,476.95,155.25,132.125,WorldBank_PinkSheet
2003M03,2003,3,141.8087,129.3607,113.65,105.6047,551.92,565.0,522.52,453.55,177.2,138.9,WorldBank_PinkSheet
2003M04,2003,4,138.6155,125.8011,114.59,105.457,557.22,578.0,540.9,443.02,181.5,118.625,WorldBank_PinkSheet
2003M05,2003,5,141.9618,129.154,115.5,107.4943,607.17,595.0,549.24,453.82,178.4375,128.125,WorldBank_PinkSheet
2003M06,2003,6,131.3528,126.2834,111.48,107.327,612.27,609.0,545.85,466.21,171.3,133.9,WorldBank_PinkSheet
2003M07,2003,7,131.6174,128.9519,96.62,96.80591,582.56,575.0,531.41,457.72,176.375,142.75,WorldBank_PinkSheet
2003M08,2003,8,148.7172,144.173,88.07,100.6591,553.48,543.0,515.69,439.36,175.625,141.5,WorldBank_PinkSheet
2003M09,2003,9,145.623,138.3629,90.63,104.0791,564.09,545.0,558.02,440.91,171.3,146.8,WorldBank_PinkSheet
2003M10,2003,10,147.4558,142.8226,95.70283,105.3881,615.82,615.0,608.26,515.07,166.375,150.625,WorldBank_PinkSheet
2003M11,2003,11,160.5453,160.9373,101.6431,108.4834,620.32,628.0,630.62,548.0,169.375,153.5,WorldBank_PinkSheet
2003M12,2003,12,165.5735,158.7694,101.15,111.1555,648.67,660.0,637.36,539.72,187.5,159.375,WorldBank_PinkSheet
2004M01,2004,1,166.32713871053,155.885019975,98.54830898,115.520475,675.49,689.0,656.97,527.23,204.25,160.25,WorldBank_PinkSheet
2004M02,2004,2,161.3914671875,157.4925555375,95.56737661,123.541705,704.51,731.0,682.08,564.13,211.5,134.5,WorldBank_PinkSheet
2004M03,2004,3,166.279804218,156.50506940625,103.0294701,127.84758,687.6,712.0,689.43,583.52,205.3,130.5,WorldBank_PinkSheet
2004M04,2004,4,166.58442673929,157.244535765,112.5311284,133.496888,644.98,696.0,672.46,575.05,199.375,128.375,WorldBank_PinkSheet
2004M05,2004,5,163.73438647875,148.3066380375,111.5595183,128.216655,700.61,684.0,627.96,537.17,191.1,135.9,WorldBank_PinkSheet
2004M06,2004,6,154.74334165714,137.21464265625,114.0480505,123.32026,699.96,632.0,581.74,471.2,190.625,158.25,WorldBank_PinkSheet
2004M07,2004,7,150.60093028929,131.634197775,103.9693504,104.846826,650.92,624.0,605.08,454.77,201.5,185.0,WorldBank_PinkSheet
2004M08,2004,8,141.29480849743,129.13103525625,87.77229198,104.054545,667.68,632.0,604.65,458.14,208.1,196.2,WorldBank_PinkSheet
2004M09,2004,9,151.034855535,138.19294287,85.37146881,97.868848,657.92,657.0,601.6,468.09,208.5,218.125,WorldBank_PinkSheet
2004M10,2004,10,150.14600866071,141.44016470625,87.88838444,93.79426,668.92,701.0,583.49,451.26,211.75,242.125,WorldBank_PinkSheet
2004M11,2004,11,156.56866837624,140.820115275,95.53333771,93.74505,684.68,727.0,561.19,454.61,213.8,224.5,WorldBank_PinkSheet
2004M12,2004,12,153.8743247,139.460599485,92.04388491,95.388664,709.72,724.0,552.06,446.2,211.125,185.25,WorldBank_PinkSheet
2005M01,2005,1,153.59313355875,142.473580425,90.71480268,96.25476,683.88,699.0,519.98,418.86,208.6,184.6,WorldBank_PinkSheet
2005M02,2005,2,151.1686798489,141.62388305625,87.37563362,94.13873,647.24,695.0,495.73,422.63,207.125,185.75,WorldBank_PinkSheet
2005M03,2005,3,150.985863975,152.15553747,94.16864198,99.876616,663.64,714.0,543.69,458.13,210.625,217.125,WorldBank_PinkSheet
2005M04,2005,4,140.87698047857,132.1394232375,93.32723755,96.279365,651.7,695.0,545.88,457.86,214.75,242.125,WorldBank_PinkSheet
2005M05,2005,5,143.33005787571,133.12690936875,88.89483345,95.41819,652.57,700.0,537.98,450.0,217.2,256.0,WorldBank_PinkSheet
2005M06,2005,6,141.93077620909,131.06467089,93.44352815,97.101172,642.01,706.0,560.15,451.7,224.25,217.5,WorldBank_PinkSheet
2005M07,2005,7,143.869839885,130.8533947875,96.80533869,107.52385,645.33,708.0,561.26,454.52,228.25,221.875,WorldBank_PinkSheet
2005M08,2005,8,149.35902467283,131.7719865375,98.00396788,101.66786,654.17,682.0,550.08,448.48,231.5,208.5,WorldBank_PinkSheet
2005M09,2005,9,159.70865813438,128.2354083,97.89225147,96.35318,687.82,683.0,545.16,453.64,240.75,210.375,WorldBank_PinkSheet
2005M10,2005,10,167.826712725,135.2626351875,98.52558833,101.938515,734.38,646.0,578.62,467.5,246.375,215.5,WorldBank_PinkSheet
2005M11,2005,11,161.11635164432,132.34610638125,98.75981811,95.36898,727.47,598.0,558.93,466.7,246.125,235.0,WorldBank_PinkSheet
2005M12,2005,12,164.44104598929,137.586672315,103.0139082,102.140276,711.64,602.0,537.66,456.75,245.875,213.875,WorldBank_PinkSheet
2006M01,2006,1,167.16073370625,144.16149276563,103.6020837,102.65206,728.91,591.0,535.83,459.05,244.3,202.3,WorldBank_PinkSheet
2006M02,2006,2,179.84092587632,149.24819458125,101.1340387,107.13017,716.23,595.0,533.27,473.9,238.125,213.875,WorldBank_PinkSheet
2006M03,2006,3,174.43598036625,142.657298775,100.3758447,105.250348,738.57,606.0,540.6,472.52,233.625,243.125,WorldBank_PinkSheet
2006M04,2006,4,180.34605464495,140.820115275,102.1245618,107.72069,773.72,659.0,540.44,475.9,231.75,247.5,WorldBank_PinkSheet
2006M05,2006,5,193.16672228571,150.924624525,107.4755681,110.648685,828.42,679.0,588.29,483.72,232.9,229.5,WorldBank_PinkSheet
2006M06,2006,6,195.164003205,140.14035738,106.8823855,109.403672,829.91,666.0,600.55,478.16,232.375,210.0,WorldBank_PinkSheet
2006M07,2006,7,202.42861353947,143.85146805,112.0984874,113.99108,820.58,647.0,630.01,499.21,230.3,205.5,WorldBank_PinkSheet
2006M08,2006,8,189.91466889546,148.3617535425,114.5306653,116.588332,809.12,666.0,632.18,534.26,228.25,210.5,WorldBank_PinkSheet
2006M09,2006,9,195.9815498625,166.88515618125,115.4445885,121.74554,785.73,669.0,602.35,511.24,225.125,215.125,WorldBank_PinkSheet
2006M10,2006,10,212.09408658214,197.772803775,136.5974641,142.16769,784.4,666.0,614.71,514.18,218.5,209.2,WorldBank_PinkSheet
2006M11,2006,11,209.68065367105,192.94101117,148.1478756,164.538556,822.39,722.0,675.67,571.57,219.375,227.375,WorldBank_PinkSheet
2006M12,2006,12,204.30628759688,189.84994993125,150.9675787,160.37539,854.31,730.0,698.12,625.88,223.83333333333,251.66666666667,WorldBank_PinkSheet
2007M01,2007,1,196.06615699737,175.980133098,152.1326862,164.774764,823.02,719.0,697.33,637.59,249.2,265.0,WorldBank_PinkSheet
2007M02,2007,2,199.98225866842,176.461475175,151.0319169,177.3489032,790.39,709.0,715.04,645.2,317.625,299.375,WorldBank_PinkSheet
2007M03,2007,3,199.09820044286,168.54321429,157.0577883,170.5067448,771.51,713.0,719.03,660.93,387.0,318.125,WorldBank_PinkSheet
2007M04,2007,4,198.3077916102,175.2673059,157.1170037,152.74784,808.43,755.0,753.7,743.45,404.6,291.0,WorldBank_PinkSheet
2007M05,2007,5,195.7212822,180.7788564,161.6894342,160.22776,844.71,831.0,788.7,816.09,392.0,293.125,WorldBank_PinkSheet
2007M06,2007,6,223.0391801875,205.0296786,184.4487629,165.24718,867.68,916.0,835.55,833.19,387.875,291.875,WorldBank_PinkSheet
2007M07,2007,7,238.40670983625,225.6061338,177.9077053,146.84264,925.81,999.0,887.12,854.52,398.5,269.5,WorldBank_PinkSheet
2007M08,2007,8,259.72730786209,253.8987597,158.8833571,151.17312,958.29,1114.0,921.79,830.65,401.625,260.625,WorldBank_PinkSheet
2007M09,2007,9,326.54486304474,322.9768593,184.655658,159.4404,1044.75,1279.0,977.48,851.63,399.625,305.0,WorldBank_PinkSheet
2007M10,2007,10,335.14620304891,325.5489162,197.1072664,164.16456,1146.97,1358.0,1007.69,926.2,406.0,323.75,WorldBank_PinkSheet
2007M11,2007,11,321.81330975,307.651074543,187.6085728,171.2508,1252.43,1401.0,1141.52,998.57,447.0,366.25,WorldBank_PinkSheet
2007M12,2007,12,368.62006231324,345.309661926,198.9344557,180.2542616,1336.75,1469.0,1187.73,1002.22,512.5,401.66666666667,WorldBank_PinkSheet
2008M01,2008,1,370.6609570425,343.81052019,205.48559940405,206.662316,1390.42,1709.0,1280.2,1122.15,593.875,376.625,WorldBank_PinkSheet
2008M02,2008,2,424.995659055,388.7480286,216.38691209,220.06712,1429.55,1839.0,1414.17,1268.63,692.5,328.125,WorldBank_PinkSheet
2008M03,2008,3,439.71609184875,419.6127114,228.62588944443,234.357704,1510.12,1863.0,1488.74,1377.22,862.2,371.0,WorldBank_PinkSheet
2008M04,2008,4,362.22924711171,323.42780434091,237.77293359887,246.44368,1471.49,1838.0,1422.23,1320.11,953.5,462.5,WorldBank_PinkSheet
2008M05,2008,5,328.76171271686,255.100277709,238.41479700855,243.4556488,1524.95,1962.0,1437.87,1326.45,997.5,633.75,WorldBank_PinkSheet
2008M06,2008,6,348.55307816786,254.74386411,241.00849152487,287.110824,1591.88,2045.0,1535.16,1293.21,1004.1,642.0,WorldBank_PinkSheet
2008M07,2008,7,328.18360435568,245.4477156,248.14718443814,265.34032,1549.44,1692.0,1506.98,1213.48,1075.75,733.75,WorldBank_PinkSheet
2008M08,2008,8,329.34415053553,255.3685065,212.25341426404,235.02696,1352.83,1319.0,1329.64,963.57,1065.0,785.0,WorldBank_PinkSheet
2008M09,2008,9,295.55033419286,223.7689503,189.4592855568,233.84592,1238.29,1176.0,1201.02,826.02,980.0,744.5,WorldBank_PinkSheet
2008M10,2008,10,237.38407758587,185.9229702,143.36741545013,183.0612,1040.68,950.0,942.53,635.75,910.0,575.0,WorldBank_PinkSheet
2008M11,2008,11,226.8462326625,182.9834766,130.0877409413,163.77088,974.82,835.0,825.64,581.25,710.0,287.5,WorldBank_PinkSheet
2008M12,2008,12,220.1354096,179.3091096,115.17666870908,158.25936,838.02,759.0,745.55,587.24,495.0,240.0,WorldBank_PinkSheet
2009M01,2009,1,239.11426721842,195.1088877,121.39498219577,172.82552,831.74,817.0,789.89,658.55,308.875,273.75,WorldBank_PinkSheet
2009M02,2009,2,224.68754205,183.3509133,112.53437575821,163.3772,802.4,805.0,747.64,655.66,313.75,281.25,WorldBank_PinkSheet
2009M03,2009,3,230.981732721,183.71835,114.84506035755,164.55824,776.9,757.0,730.71,660.48,317.8,268.5,WorldBank_PinkSheet
2009M04,2009,4,233.47312851686,182.6160399,111.2902032696,168.49504,830.19,843.0,809.08,799.7,300.625,245.625,WorldBank_PinkSheet
2009M05,2009,5,261.48173459625,202.4576217,128.70362325137,179.91176,947.07,941.0,889.62,872.61,267.875,236.25,WorldBank_PinkSheet
2009M06,2009,6,256.6449314908,201.7227483,148.58836815359,179.51808,917.18,907.0,892.92,788.57,256.1,239.7,WorldBank_PinkSheet
2009M07,2009,7,224.85038331477,175.6347426,140.30670078052,151.5668,851.56,804.0,846.3,698.48,263.25,243.75,WorldBank_PinkSheet
2009M08,2009,8,210.37290809743,161.672148,122.24774857563,151.96048,884.24,820.0,903.15,746.05,276.4,251.5,WorldBank_PinkSheet
2009M09,2009,9,191.09332947857,158.3652177,103.46648361803,150.38576,855.36,809.0,858.18,703.85,280.625,232.25,WorldBank_PinkSheet
2009M10,2009,10,198.84886839643,175.6347426,130.65072284964,167.314,894.11,846.0,897.0,724.66,271.625,234.875,WorldBank_PinkSheet
2009M11,2009,11,211.03834934118,204.6622419,155.25198187996,171.64448,933.77,921.0,932.38,763.33,273.2,243.5,WorldBank_PinkSheet
2009M12,2009,12,206.2514056275,206.4994254,150.58598335049,164.55824,938.29,986.0,939.91,821.81,331.5,262.0,WorldBank_PinkSheet
2010M01,2010,1,201.19093202368,198.7832547,146.53767234932,167.314,914.09,968.0,920.55,830.88,383.0,266.5,WorldBank_PinkSheet
2010M02,2010,2,194.0,191.8019574,137.37599107534,161.80248,900.93,948.0,909.19,830.0,413.625,297.5,WorldBank_PinkSheet
2010M03,2010,3,191.07507175435,189.9647739,146.98247256851,159.04672,910.08,949.0,911.07,862.83,424.5,278.7,WorldBank_PinkSheet
2010M04,2010,4,192.87,187.7601537,151.70521637143,157.07832,909.13,924.0,902.83,862.71,417.5,253.75,WorldBank_PinkSheet
2010M05,2010,5,181.605588975,190.3322106,143.03590335932,163.3772,862.49,910.0,859.49,855.31,410.0,234.0,WorldBank_PinkSheet
2010M06,2010,6,157.67209847046,182.6160399,145.9326686895,152.74784,876.07,889.0,860.28,825.68,392.5,226.25,WorldBank_PinkSheet
2010M07,2010,7,195.81769059129,222.28170651429,156.36196489269,163.75682,946.76,937.0,910.82,844.43,418.125,259.375,WorldBank_PinkSheet
2010M08,2010,8,246.24722445586,261.6149304,161.23269214493,175.58128,1012.94,1074.0,997.62,943.73,459.9,263.5,WorldBank_PinkSheet
2010M09,2010,9,271.67359754743,276.3123984,168.11980413513,205.89464,1032.57,1114.0,1035.26,948.88,506.0,308.75,WorldBank_PinkSheet
2010M10,2010,10,270.23219586429,267.4939176,174.62422634836,235.81432,1149.51,1284.0,1146.75,1025.83,557.25,332.5,WorldBank_PinkSheet
2010M11,2010,11,274.08076079559,278.5170186,179.09046833728,238.1764,1242.32,1441.0,1231.69,1131.36,554.1,365.4,WorldBank_PinkSheet
2010M12,2010,12,306.5201043804,308.646828,189.64090120531,250.38048,1382.99,1454.0,1324.72,1234.64,540.625,380.625,WorldBank_PinkSheet
2011M01,2011,1,326.55656760729,320.4048024,195.20185783871,264.94664,1440.75,1492.0,1365.73,1303.57,547.4,378.5,WorldBank_PinkSheet
2011M02,2011,2,348.1203485495,338.7766374,196.45768564745,292.89792,1403.14,1704.74,1359.86,1327.21,413.625,297.5,WorldBank_PinkSheet
2011M03,2011,3,316.74657066378,303.1352775,202.57443163402,290.53584,1411.8,1636.96,1306.53,1241.74,424.5,278.7,WorldBank_PinkSheet
2011M04,2011,4,336.12429558105,314.8932519,208.92135991092,319.27448,1447.42,1634.05,1310.45,1219.61,417.5,253.75,WorldBank_PinkSheet
2011M05,2011,5,355.27788556364,308.646828,209.36910764967,307.85776,1406.76,1644.09,1296.03,1230.12,410.0,234.0,WorldBank_PinkSheet
2011M06,2011,6,326.42992919659,282.1913856,210.06429381464,310.61352,1401.82,1699.32,1319.38,1192.38,575.875,478.75,WorldBank_PinkSheet
2011M07,2011,7,303.88392977625,266.3916075,215.53213093132,300.77152,1392.95,1672.38,1337.36,1183.45,597.625,483.75,WorldBank_PinkSheet
2011M08,2011,8,327.06658952609,277.61839623587,206.09369421563,310.21984,1350.5,1671.3,1328.39,1205.48,597.4,475.5,WorldBank_PinkSheet
2011M09,2011,9,315.91622907614,267.4939176,209.57357284058,295.26,1309.99,1591.59,1307.85,1137.25,587.875,508.75,WorldBank_PinkSheet
2011M10,2011,10,289.01083578214,253.531323,208.84605202522,274.78864,1270.51,1483.81,1223.1,1044.75,571.4,493.5,WorldBank_PinkSheet
2011M11,2011,11,281.0064022425,253.1638863,211.4554712768,274.39496,1273.54,1502.5,1213.96,1113.38,563.5,481.25,WorldBank_PinkSheet
2011M12,2011,12,269.0300071375,244.7128422,212.27336667709,258.64776,1244.66,1439.77,1203.28,1121.5,488.75,423.125,WorldBank_PinkSheet
2012M01,2012,1,274.89317414625,253.8987597,210.55817656619,272.844845,1252.78,1451.82,1216.28,1123.5,451.4,368.0,WorldBank_PinkSheet
2012M02,2012,2,277.7729592825,263.0846772,213.40087266162,279.458669,1287.68,1485.0,1249.12,1146.25,435.5,375.0,WorldBank_PinkSheet
2012M03,2012,3,283.87825408636,259.7777469,222.78858648901,280.69384,1289.12,1500.68,1285.38,1195.34,442.875,393.125,WorldBank_PinkSheet
2012M04,2012,4,266.32392179211,254.6336331,237.17206304446,274.00128,1303.59,1551.9,1308.89,1233.61,478.0,494.375,WorldBank_PinkSheet
2012M05,2012,5,264.35872401848,251.3267028,239.45847566667,269.27712,1234.88,1522.17,1220.55,1125.0,490.5,513.125,WorldBank_PinkSheet
2012M06,2012,6,276.1899195,249.4895193,236.75781616667,267.30872,1183.37,1430.48,1181.93,1027.74,501.625,456.875,WorldBank_PinkSheet
2012M07,2012,7,345.68794675714,322.9768593,253.379732375,333.05328,1214.67,1472.27,1239.49,1052.84,436.875,307.5,WorldBank_PinkSheet
2012M08,2012,8,349.40035068261,333.73237052935,265.69345366667,331.99205565217,1230.73,1525.43,1250.27,1022.38,504.5,382.5,WorldBank_PinkSheet
2012M09,2012,9,353.42092377237,343.5533145,256.23655245833,320.8492,1268.69,1572.25,1280.95,1001.38,527.375,384.375,WorldBank_PinkSheet
2012M10,2012,10,358.195666995,340.2463842,252.911250625,321.24288,1214.2,1302.61,1177.95,886.0,533.5,349.0,WorldBank_PinkSheet
2012M11,2012,11,360.8228394,346.4928081,252.06614629167,321.63656,1184.61,1285.23,1137.78,863.18,487.875,383.5,WorldBank_PinkSheet
2012M12,2012,12,347.9625549,325.1814795,242.94453104167,308.64512,1188.18,1271.9,1158.64,843.55,472.83333333333,375.83333333333,WorldBank_PinkSheet
2013M01,2013,1,335.4697071,309.0142647,233.32228333333,303.1336,1210.92,1298.48,1192.35,884.52,462.25,380.0,WorldBank_PinkSheet
2013M02,2013,2,318.9350556,297.9911637,236.99665,302.73992,1216.99,1285.75,1173.48,919.58,464.5,415.625,WorldBank_PinkSheet
2013M03,2013,3,309.7491381,285.8657526,239.752425,309.0388,1161.66,1249.76,1117.43,891.5,467.625,395.625,WorldBank_PinkSheet
2013M04,2013,4,308.2793913,278.1495819,229.64791666667,279.90648,1131.82,1221.14,1094.52,874.17,461.125,365.625,WorldBank_PinkSheet
2013M05,2013,5,319.669929,279.251892,231.4851,295.5375444,1116.66,1227.73,1073.2,879.47,421.25,358.125,WorldBank_PinkSheet
2013M06,2013,6,313.4235051,268.228791,229.64791666667,298.40944,1147.34,1245.25,1037.75,876.88,424.125,329.375,WorldBank_PinkSheet
2013M07,2013,7,304.6050243,260.880057,214.03185833333,279.5128,1008.78,1210.87,990.31,827.09,409.625,312.5,WorldBank_PinkSheet
2013M08,2013,8,305.3398977,252.4290129,185.09622083333,238.73560454546,993.85,1111.67,994.65,819.29,400.375,310.625,WorldBank_PinkSheet
2013M09,2013,9,307.50777423,259.796118735,159.83495,207.405387,983.52,1005.71,1019.72,826.25,374.8,301.0,WorldBank_PinkSheet
2013M10,2013,10,325.6867049625,287.71963776818,155.7012875,201.72521090909,1010.85,1008.48,990.96,859.66,370.0,296.875,WorldBank_PinkSheet
2013M11,2013,11,306.75162817895,274.42686796579,158.91635833333,199.13474,1021.7,1004.05,989.83,904.05,334.375,305.0,WorldBank_PinkSheet
2013M12,2013,12,291.55664720357,267.04840060125,161.67213333333,197.391152,1007.11,996.0,990.52,886.25,341.625,305.0,WorldBank_PinkSheet
2014M01,2014,1,275.577525,246.546351333,167.64297916667,198.0643448,948.01,951.82,942.1,862.63,403.375,330.0,WorldBank_PinkSheet
2014M02,2014,2,292.1121765,258.671762433,169.93945833333,209.3235928,971.77,953.0,970.96,904.34,450.125,353.125,WorldBank_PinkSheet
2014M03,2014,3,323.7117327,286.916621562,177.7474875,222.33078,1009.95,984.76,996.67,953.81,486.5,327.5,WorldBank_PinkSheet
2014M04,2014,4,324.8140428,277.091364204,181.42185416667,222.3583376,1011.42,952.25,1001.69,926.63,409.0,260.0,WorldBank_PinkSheet
2014M05,2014,5,334.7348337,277.212618315,181.88115,217.2956128,954.94,951.5,961.81,898.42,413.5625,265.0,WorldBank_PinkSheet
2014M06,2014,6,306.4422078,236.647606635,160.29424583333,202.3948248,948.33,942.38,925.82,861.88,421.375,288.75,WorldBank_PinkSheet
2014M07,2014,7,280.3542021,218.308840938,138.70734166667,182.726572,892.08,908.04,897.43,853.69,440.625,305.0,WorldBank_PinkSheet
2014M08,2014,8,263.4521139,220.362812091,118.498325,176.4237552,851.75,853.75,861.77,778.69,446.5,311.25,WorldBank_PinkSheet
2014M09,2014,9,243.6105321,202.832407134,105.63804166667,163.0583192,836.46,834.09,839.82,760.75,438.1,317.5,WorldBank_PinkSheet
2014M10,2014,10,245.4477156,220.142350071,112.06818333333,163.121308,859.11,888.26,833.03,764.4,418.75,317.5,WorldBank_PinkSheet
2014M11,2014,11,258.6754368,236.026638612,113.90536666667,178.7425304,841.33,922.75,825.98,764.75,408.75,317.5,WorldBank_PinkSheet
2014M12,2014,12,269.6985378,261.780276915,123.09128333333,178.7346568,814.81,900.95,814.55,719.64,418.375,308.125,WorldBank_PinkSheet
2015M01,2015,1,248.3872092,231.470423532,128.1435375,174.7073104,777.72,870.71,796.58,719.64,440.25,305.0,WorldBank_PinkSheet
2015M02,2015,2,236.9966715,219.848400711,125.3877625,173.6955528,762.51,825.0,762.61,723.04,444.125,305.0,WorldBank_PinkSheet
2015M03,2015,3,230.7502476,218.797531749,126.30635416667,174.2270208,751.16,804.55,749.93,698.86,428.8,295.5,WorldBank_PinkSheet
2015M04,2015,4,223.4015136,209.699799057,129.06212916667,172.0539072,747.72,833.5,747.74,682.75,409.0,260.0,WorldBank_PinkSheet
2015M05,2015,5,215.3179062,200.771087247,126.76565,166.2943688,769.95,916.05,785.13,697.35,413.5625,265.0,WorldBank_PinkSheet
2015M06,2015,6,209.8063557,204.989260563,118.95762083333,166.7195432,841.79,927.95,788.21,705.91,421.375,288.75,WorldBank_PinkSheet
2015M07,2015,7,197.3135079,207.377599113,124.009875,179.596816,809.98,917.39,752.32,680.0,431.5,283.75,WorldBank_PinkSheet
2015M08,2015,8,179.6765463,187.866710343,110.69029583333,162.5937768,753.56,894.75,728.33,601.38,434.625,274.625,WorldBank_PinkSheet
2015M09,2015,9,172.695249,193.973508297,109.77170416667,165.621176,771.69,896.82,720.4,599.5,428.0,279.375,WorldBank_PinkSheet
2015M10,2015,10,172.709946468,206.337753252,118.03902916667,171.388588,809.13,961.59,743.3,636.67,423.75,250.625,WorldBank_PinkSheet
2015M11,2015,11,177.1044894,203.405608386,119.41691666667,166.1565808,799.62,915.24,727.34,608.21,383.875,263.625,WorldBank_PinkSheet
2015M12,2015,12,189.2299005,191.982001383,119.41691666667,163.948036,820.94,898.18,765.7,607.38,340.625,264.0,WorldBank_PinkSheet
2016M01,2016,1,193.2717042,191.72847006,118.498325,161.0269304,781.35,885.35,736.03,611.63,327.125,233.875,WorldBank_PinkSheet
2016M02,2016,2,187.0252803,188.432562861,114.82395833333,159.676608,779.88,898.19,767.24,679.17,326.0,191.875,WorldBank_PinkSheet
2016M03,2016,3,191.067084,189.689196375,112.986775,159.1372664,766.26,859.19,765.61,715.95,338.125,201.75,WorldBank_PinkSheet
2016M04,2016,4,187.392717,192.760967187,112.52747916667,164.4125784,808.51,875.95,794.13,775.0,330.5,196.25,WorldBank_PinkSheet
2016M05,2016,5,171.9603756,189.850868523,112.06818333333,168.9556456,805.59,881.0,795.64,753.42,313.5,198.375,WorldBank_PinkSheet
2016M06,2016,6,173.0626857,187.014257199,108.39381666667,179.872392,793.48,860.23,799.91,718.18,306.625,142.625,WorldBank_PinkSheet
2016M07,2016,7,151.7513571,166.514963706,107.01592916667,161.7591752,767.83,832.86,796.67,678.16,305.2,181.0,WorldBank_PinkSheet
2016M08,2016,8,149.1793002,159.280135083,95.53353333333,150.1534888,817.52,830.35,824.42,771.02,318.0625,186.25,WorldBank_PinkSheet
2016M09,2016,9,150.649047,157.560531327,89.5626875,148.4252336,849.65,865.73,837.21,797.85,320.0,187.3,WorldBank_PinkSheet
2016M10,2016,10,151.7513571,164.369133378,91.85916666667,152.2596768,914.14,873.0,861.26,749.75,310.0,187.5,WorldBank_PinkSheet
2016M11,2016,11,150.649047,167.275557675,91.85916666667,151.803008,918.26,873.0,885.11,766.93,298.0,205.0,WorldBank_PinkSheet
2016M12,2016,12,141.8305662,161.168759721,91.85916666667,152.4486432,930.43,873.0,916.7,811.38,296.625,217.75,WorldBank_PinkSheet
2017M01,2017,1,153.2211039,173.606492016,91.85916666667,159.9876152,890.82,873.0,876.85,825.0,308.0,233.75,WorldBank_PinkSheet
2017M02,2017,2,155.0582874,181.002992787,91.85916666667,162.8575424,874.38,873.0,839.6,808.61,326.0,191.875,WorldBank_PinkSheet
2017M03,2017,3,154.323414,176.538636882,93.69635,158.9640472,847.32,835.17,814.94,778.7,325.625,223.5,WorldBank_PinkSheet
2017M04,2017,4,166.0813884,172.191860721,94.15564583333,156.4405584,839.33,797.67,794.04,752.06,313.125,207.875,WorldBank_PinkSheet
2017M05,2017,5,180.4114197,174.97335654,94.15564583333,158.5900512,842.05,795.0,825.06,762.75,309.25,178.75,WorldBank_PinkSheet
2017M06,2017,6,189.5973372,183.361936401,94.15564583333,157.9326056,847.47,794.36,832.95,735.14,310.3,191.0,WorldBank_PinkSheet
2017M07,2017,7,202.4576217,201.770515071,94.15564583333,157.511368,905.99,793.0,835.6,720.48,313.75,181.0,WorldBank_PinkSheet
2017M08,2017,8,171.2255022,172.684225899,96.452125,148.496096,875.36,815.74,861.72,717.95,320.75,192.625,WorldBank_PinkSheet
2017M09,2017,9,178.5742362,176.898724848,96.452125,147.2914352,872.87,822.24,889.44,754.25,325.9,219.0,WorldBank_PinkSheet
2017M10,2017,10,175.6347426,177.005281491,96.452125,148.6220736,897.25,804.82,880.6,746.79,322.375,252.5,WorldBank_PinkSheet
2017M11,2017,11,179.6765463,175.664137536,108.39381666667,148.7047464,962.98,809.86,886.77,728.86,344.0,280.0,WorldBank_PinkSheet
2017M12,2017,12,184.0857867,172.493158815,119.8762125,148.9803224,901.97,800.76,867.19,679.17,357.25,214.625,WorldBank_PinkSheet
2018M01,2018,1,192.1693941,178.342751079,121.71339583333,155.838228,848.38,799.04,870.5,703.45,360.375,219.625,WorldBank_PinkSheet
2018M02,2018,2,192.1693941,190.560021354,129.06212916667,163.357516,827.48,806.0,843.56,709.44,370.0,232.5,WorldBank_PinkSheet
2018M03,2018,3,192.1693941,198.860416407,130.8993125,171.998792,800.24,800.91,836.68,706.19,378.0,232.5,WorldBank_PinkSheet
2018M04,2018,4,213.8481594,198.794277801,130.8993125,175.6049008,793.31,799.33,831.85,701.18,384.75,230.625,WorldBank_PinkSheet
2018M05,2018,5,213.8481594,209.949656013,130.8993125,179.085032,811.49,801.32,793.25,687.15,384.375,221.875,WorldBank_PinkSheet
2018M06,2018,6,219.3597099,206.003385855,130.8993125,165.070024,838.02,775.0,788.57,656.5,391.6,224.0,WorldBank_PinkSheet
2018M07,2018,7,218.2573998,206.933000706,130.8993125,156.4602424,848.61,780.05,780.45,616.14,400.75,252.5,WorldBank_PinkSheet
2018M08,2018,8,236.6292348,217.438015959,127.68424166667,162.373316,853.67,763.23,761.82,614.75,409.0,260.0,WorldBank_PinkSheet
2018M09,2018,9,212.3784126,202.049766963,119.41691666667,154.8028496,821.47,733.95,754.05,605.15,421.63,267.5,WorldBank_PinkSheet
2018M10,2018,10,213.4807227,209.104551603,119.41691666667,160.2553176,850.29,718.04,751.58,589.8,420.75,270.0,WorldBank_PinkSheet
2018M11,2018,11,203.5599318,210.846201561,119.41691666667,160.6883656,840.39,706.09,729.22,539.1,410.2,305.6,WorldBank_PinkSheet
2018M12,2018,12,211.2761025,217.809127026,119.41691666667,167.4399776,827.02,703.0,727.88,535.02,389.67,276.67,WorldBank_PinkSheet
2019M01,2019,1,209.8063557,220.157047539,119.41691666667,166.743164,859.73,688.13,747.79,584.58,382.13,260.0,WorldBank_PinkSheet
2019M02,2019,2,218.9922732,217.246948875,119.41691666667,169.5225448,829.7,700.0,772.82,602.97,357.38,250.63,WorldBank_PinkSheet
2019M03,2019,3,205.764552,200.388953079,119.41691666667,166.2235064,808.68,711.71,750.33,573.02,335.03,247.5,WorldBank_PinkSheet
2019M04,2019,4,199.5181281,197.331879735,136.4108625,161.487536,805.96,713.0,733.77,588.45,323.75,247.5,WorldBank_PinkSheet
2019M05,2019,5,199.5181281,200.322814473,149.27114583333,171.0815176,815.84,721.57,742.53,564.4,313.4,247.5,WorldBank_PinkSheet
2019M06,2019,6,206.1319887,222.40943451,149.27114583333,195.0802504,840.01,725.0,742.89,552.19,314.88,247.5,WorldBank_PinkSheet
2019M07,2019,7,196.2111978,203.960437803,149.27114583333,189.419132,845.27,753.83,748.17,543.88,307.5,263.5,WorldBank_PinkSheet
2019M08,2019,8,181.1462931,197.522946819,135.032975,163.5858504,877.48,776.0,793.21,586.12,292.9,262.5,WorldBank_PinkSheet
2019M09,2019,9,189.5973372,201.90646665,114.82395833333,157.2594128,903.07,776.0,779.25,580.3,285.75,237.75,WorldBank_PinkSheet
2019M10,2019,10,199.5181281,212.848731576,114.82395833333,167.1486544,908.67,776.0,770.8,591.35,277.38,237.0,WorldBank_PinkSheet
2019M11,2019,11,203.1924951,223.537465179,114.82395833333,166.3337368,891.17,776.0,770.2,685.41,248.0,224.5,WorldBank_PinkSheet
2019M12,2019,12,210.9086658,237.676429395,114.82395833333,166.9557512,900.66,776.0,833.52,763.73,238.16,217.5,WorldBank_PinkSheet
2020M01,2020,1,224.5038237,247.994051931,114.82395833333,171.7862048,945.39,806.91,875.64,810.07,264.9,215.4,WorldBank_PinkSheet
2020M02,2020,2,215.3179062,238.977155313,114.82395833333,168.711564,902.34,823.0,800.41,728.81,279.38,214.38,WorldBank_PinkSheet
2020M03,2020,3,209.0714823,228.123075195,114.82395833333,162.4205576,796.67,730.0,747.8,636.25,276.22,231.13,WorldBank_PinkSheet
2020M04,2020,4,218.9922732,221.685584211,114.82395833333,146.9095656,758.96,732.1,679.98,608.88,282.0,235.0,WorldBank_PinkSheet
2020M05,2020,5,205.764552,209.927609811,80.37677083333,143.9057872,799.83,738.26,684.78,576.56,263.0,201.9,WorldBank_PinkSheet
2020M06,2020,6,198.415818,200.495509722,80.37677083333,147.9882488,850.98,788.36,755.71,656.49,273.0,202.0,WorldBank_PinkSheet
2020M07,2020,7,222.13,212.742174933,80.37677083333,152.5549368,890.21,833.17,821.11,694.16,305.1,214.4,WorldBank_PinkSheet
2020M08,2020,8,223.0,208.939205088,80.37677083333,149.342508,921.55,877.14,866.94,760.3,341.88,249.5,WorldBank_PinkSheet
2020M09,2020,9,247.68,219.683054196,,166.0817816,938.14,982.38482384824,905.86,796.22,358.38,250.5,WorldBank_PinkSheet
2020M10,2020,10,272.36,245.197858644,,186.7460448,927.71,981.40243902439,914.77,819.27,357.1,245.0,WorldBank_PinkSheet
2020M11,2020,11,273.0,247.94628516,,190.3757744,1047.78,1109.11246612466,973.88,917.81,359.63,245.0,WorldBank_PinkSheet
2020M12,2020,12,268.55,251.154007551,,198.769032,1097.62584466019,1170.02032520325,1026.1958677686,1016.37389145497,388.5,245.0,WorldBank_PinkSheet
2021M01,2021,1,289.3,276.448349979,,234.4679501472,1141.24,1276.11788617886,1098.67,990.27,421.3,265.0,WorldBank_PinkSheet
2021M02,2021,2,289.4,276.628393962,,245.2350824,1272.13,1362.56775067751,1123.5,1019.86,528.88,335.0,WorldBank_PinkSheet
2021M03,2021,3,273.13,272.575567161,,245.1720936,1321.88,1611.11111111111,1284.81,1030.48,534.13,352.88,WorldBank_PinkSheet
2021M04,2021,4,280.95,281.379350493,,268.233868,1312.33,1572.79810298103,1386.35,1078.05,543.4,328.1,WorldBank_PinkSheet
2021M05,2021,5,297.25,270.98456625,,305.3106504,1531.38,1584.58672086721,1574.67,1136.46,574.63,331.63,WorldBank_PinkSheet
2021M06,2021,6,285.55,263.477834469,,292.5593552,1527.59,1296.74796747967,1518.16,1004.42,604.75,393.25,WorldBank_PinkSheet
2021M07,2021,7,294.27,254.67037677,,278.4341168,1410.08,1282.01219512195,1468.34,1062.99,613.0,441.5,WorldBank_PinkSheet
2021M08,2021,8,324.52,276.183795555,,256.6124344,1519.19,1355.69105691057,1433.94,1141.82,603.13,446.88,WorldBank_PinkSheet
2021M09,2021,9,337.55,263.59908858,,235.61748,1629.14,1309.5189701897,1398.75,1181.38,643.75,418.75,WorldBank_PinkSheet
2021M10,2021,10,354.67,,,239.6487632,1795.17,1420.52845528455,1483.52,1310.25,672.9,695.0,WorldBank_PinkSheet
2021M11,2021,11,379.45,334.499674212,,248.7191504,1825.34,1415.61653116531,1442.96,1340.65,726.69,900.5,WorldBank_PinkSheet
2021M12,2021,12,376.81,327.819675006,,264.5372128,1742.5,1361.83096205962,1411.21,1270.29,745.0,890.0,WorldBank_PinkSheet
2022M01,2022,1,374.24,325.159433298,,276.6231888,1865.36,1411.73,1469.56,1344.79,699.38,846.38,WorldBank_PinkSheet
2022M02,2022,2,390.5,339.346164285,,292.622344,1744.2,1499.12,1595.74,1522.36,747.13,744.17,WorldBank_PinkSheet
2022M03,2022,3,486.3,446.65605252,,335.5295272,2162.3,2361.13,1956.88,1776.96,938.13,872.5,WorldBank_PinkSheet
2022M04,2022,4,495.28,427.306835898,,348.1666552,2266.17,2275.76,1947.51,1682.74,954.0,925.0,WorldBank_PinkSheet
2022M05,2022,5,522.29,438.381378036,,344.8400592,2218.45,2079.3,1962.88,1716.92,842.5,707.5,WorldBank_PinkSheet
2022M06,2022,6,459.59,379.89280413,,335.7145568,2000.53,1884.59,1751.76,1501.1,783.75,690.0,WorldBank_PinkSheet
2022M07,2022,7,382.5,316.686342996,,322.9671984,1737.34,1556.87,1533.4,1056.64,784.0,601.0,WorldBank_PinkSheet
2022M08,2022,8,382.86,,,289.8350896,1638.85,1496.22,1598.78,1025.95,749.38,591.25,WorldBank_PinkSheet
2022M09,2022,9,419.14,,,312.6567192,1402.02,1304.75,1548.32,909.32,752.0,678.0,WorldBank_PinkSheet
2022M10,2022,10,437.95,,,343.5566624,1408.01,1359.15,1575.9,888.99,725.0,636.25,WorldBank_PinkSheet
2022M11,2022,11,422.68,,,320.9200624,1377.58,1347.28,1651.6,945.74,665.63,588.75,WorldBank_PinkSheet
2022M12,2022,12,386.33,,,302.24782,1259.95,1233.8,1409.24,940.39,625.0,519.38,WorldBank_PinkSheet
2023M01,2023,1,380.36,,,302.7753512,1223.58,1218.34,1351.77,941.97,631.0,443.75,WorldBank_PinkSheet
2023M02,2023,2,394.75,311.88027096,,298.1771688,1188.57,1158.6,1243.01,949.98,612.5,357.5,WorldBank_PinkSheet
2023M03,2023,3,369.86,284.682606426,,282.4890208,1053.74,1075.05,1113.19,972.06,606.0,313.5,WorldBank_PinkSheet
2023M04,2023,4,378.18,277.164851544,,291.1145496,1026.14,1034.83,1029.97,1005.24,637.0,313.38,WorldBank_PinkSheet
2023M05,2023,5,367.74,260.508945933,,268.135448,967.27,961.79,988.32,934.06,510.0,329.25,WorldBank_PinkSheet
2023M06,2023,6,345.5,256.999925448,,266.8677984,990.58,910.95,1007.12,816.97,454.55,287.5,WorldBank_PinkSheet
2023M07,2023,7,345.5,249.853281633,,242.3848392,1107.99,1038.8,1135.74,878.5,458.75,334.63,WorldBank_PinkSheet
2023M08,2023,8,315.82,230.805363105,,207.607148,1066.77,989.42,1126.53,860.82,528.75,385.63,WorldBank_PinkSheet
2023M09,2023,9,314.68,230.551831782,,223.80708,1047.44,894.81,1111.63,829.6,527.9,380.0,WorldBank_PinkSheet
2023M10,2023,10,298.1,236.647606635,,230.69648,1060.31,910.17,1133.87,804.26,534.75,411.38,WorldBank_PinkSheet
2023M11,2023,11,283.55,241.031126466,,211.2604984,1039.32,943.6,1118.39,830.47,535.63,385.5,WorldBank_PinkSheet
2023M12,2023,12,291.12,255.034139103,,206.54803944445,1009.98,944.03,1062.48,813.51,563.75,354.0,WorldBank_PinkSheet
2024M01,2024,1,283.91,247.861774719,,198.62480884615,972.06,943.36,971.46,844.9,596.25,335.38,WorldBank_PinkSheet
2024M02,2024,2,278.5,246.160542798,,189.128793,962.71,925.08,911.9,856.93,583.81,351.25,WorldBank_PinkSheet
2024M03,2024,3,274.83,228.490511895,,190.56700446,1029.01,950.93,964.95,942.92,617.5,330.0,WorldBank_PinkSheet
2024M04,2024,4,272.3,227.810754,,191.65107888889,1058.58,971.27,958.56,935.69,545.0,320.0,WorldBank_PinkSheet
2024M05,2024,5,289.42,253.1638863,,197.79344375,1104.11,1005.73,988.0,859.15,522.0,284.8,WorldBank_PinkSheet
2024M06,2024,6,265.55,230.606947287,,192.506708,1099.12,1043.05,1010.68,873.67,543.0,336.25,WorldBank_PinkSheet
2024M07,2024,7,260.26,218.837949786,,177.42921392,1118.33,1068.51,1079.02,896.09,539.4,342.5,WorldBank_PinkSheet
2024M08,2024,8,250.85,205.768226367,,170.32475727273,1080.09,1048.56,1031.38,932.63,546.0,342.5,WorldBank_PinkSheet
2024M09,2024,9,269.69,219.205386486,,184.9671542069,1082.78,1068.0,1043.81,982.83,554.75,337.5,WorldBank_PinkSheet
2024M10,2024,10,272.85,233.340676335,,190.33572173913,1142.14,1205.71,1094.89,1077.25,573.44,374.75,WorldBank_PinkSheet
2024M11,2024,11,253.75,229.02329511,,201.33106,1242.91705882353,1267.0,1145.17057,1168.58791,574.5,352.3,WorldBank_PinkSheet
2024M12,2024,12,252.17,230.276254257,,202.59757,1180.82210338681,1222.5,1063.63100601493,1189.73,568.33,352.0,WorldBank_PinkSheet
2025M01,2025,1,254.09,230.577552351,,214.43704863636,1149.12904260327,1207.0,1047.62,1070.31,582.7,380.5,WorldBank_PinkSheet
2025M02,2025,2,264.61,243.507649824,,220.8752,1159.09702139809,1220.0,1068.51,1067.27,603.75,436.5,WorldBank_PinkSheet
2025M03,2025,3,255.37,227.542525209,,207.41312,1193.09038498044,1232.5,1011.43,1067.6,615.13,394.5,WorldBank_PinkSheet
2025M04,2025,4,249.58,219.583846287,,215.00062956522,1256.47650654752,1225.0,1119.53,994.37,635.0,386.88,WorldBank_PinkSheet
2025M05,2025,5,237.0,221.27038074,,203.87293109647,1241.14115455549,1208.0,1163.04675090909,907.58,669.2,392.0,WorldBank_PinkSheet
2025M06,2025,6,240.05,217.305738747,,196.07200262857,1252.26050247117,1196.25,1177.97,935.38894111862,715.38,420.5,WorldBank_PinkSheet
2025M07,2025,7,234.96,210.592670238,,191.9943395451,1202.36964579901,1213.75,1306.6,976.38485453708,736.0,496.0,WorldBank_PinkSheet
2025M08,2025,8,231.14,200.348535042,,185.48677677419,1212.5972714168,1273.75,1244.55,1026.11715444618,795.1,507.7,WorldBank_PinkSheet
2025M09,2025,9,233.76,206.958721275,,197.37534231111,1267.9761223229,1312.09196637998,1159.27,1036.74,780.63,461.13,WorldBank_PinkSheet
2025M10,2025,10,230.78,209.32868799,,198.13039555556,1264.23430807249,1363.0,1132.14834869565,1038.09389563665,754.0,394.4,WorldBank_PinkSheet
2025M11,2025,11,245.85,225.194604696,,202.01642333333,1260.49249382208,1360.0,1128.37,983.4,708.25,409.25,WorldBank_PinkSheet
2025M12,2025,12,242.8,223.173702846,,205.69623777778,1258.91261669412,1343.33,1119.43,980.51,627.5,392.5,WorldBank_PinkSheet
