time,t2m_kelvin,precip_m,pot_evap_m,soil_water_l1,soil_water_l2,solar_rad_jm2,year,month,t2m_celsius,precip_mm,pot_evap_mm,solar_rad_mjm2,source
1991-01-01,260.59124679086017,0.0010059771987408783,-0.00017229948553559214,0.3528265406136497,0.3360197020361802,3770877.1552253105,1991,1,-12.56,31.19,5.34,116.897,ERA5_real
1991-02-01,258.22110249767906,0.0003861799760294339,-0.0001983638292269489,0.3426897848081186,0.32976763831875255,7321701.519791176,1991,2,-14.93,10.81,5.55,205.008,ERA5_real
1991-03-01,264.184937335602,0.000639681925339564,-0.0005595394530480481,0.3513241658498195,0.3296953483311166,12532463.63868716,1991,3,-8.97,19.83,17.35,388.506,ERA5_real
1991-04-01,279.75444910904395,0.0002590832610502893,-0.004369409706257548,0.3895188518408677,0.3912468428232134,19087512.67794183,1991,4,6.6,7.77,131.08,572.625,ERA5_real
1991-05-01,288.82120314476316,0.0003127637089924495,-0.009425545841346158,0.23440976483718462,0.27289778066136683,23900175.687988408,1991,5,15.67,9.7,292.19,740.905,ERA5_real
1991-06-01,295.85187001298766,0.0006751287953338369,-0.010676157937243871,0.21194976141426417,0.2227054068261322,23613306.67379964,1991,6,22.7,20.25,320.28,708.399,ERA5_real
1991-07-01,294.8134715020674,0.0016000631230961347,-0.008716074929384863,0.2534579893986719,0.22629297692773392,21035281.66459417,1991,7,21.66,49.6,270.2,652.094,ERA5_real
1991-08-01,290.02784138141436,0.001671024109521595,-0.006917481069763076,0.28287589624737813,0.2616812840433076,17047943.26313382,1991,8,16.88,51.8,214.44,528.486,ERA5_real
1991-09-01,287.2684334989935,0.00108820294142122,-0.005578144891956085,0.27744048248685166,0.2608899626004061,12423476.774224153,1991,9,14.12,32.65,167.34,372.704,ERA5_real
1991-10-01,280.3369660899897,0.0004509869033375981,-0.002940375551651471,0.26504534144139597,0.25658420594050163,7405047.877896691,1991,10,7.19,13.98,91.15,229.556,ERA5_real
1991-11-01,269.0457232054532,0.0007348331515163919,-0.0006971673783973773,0.278114052741565,0.25975350255868973,4107187.8591725808,1991,11,-4.1,22.04,20.92,123.216,ERA5_real
1991-12-01,259.55265431288217,0.00126276340374222,-9.833751584155242e-05,0.28562776949289626,0.26999044193250704,2808626.8894681484,1991,12,-13.6,39.15,3.05,87.067,ERA5_real
1992-01-01,263.2237935477204,0.0009833131224594599,-0.00018764175265627715,0.28012476507881573,0.2706497244360579,3485235.3262101416,1992,1,-9.93,30.48,5.82,108.042,ERA5_real
1992-02-01,261.43925701785207,0.0006732974998351022,-0.00021538890136680856,0.2772460111636132,0.2689873443233223,7032752.546462608,1992,2,-11.71,19.53,6.25,203.95,ERA5_real
1992-03-01,265.48023056274985,0.0003082608181639795,-0.00048409838551080397,0.2900343100859252,0.2702088889358608,12694335.82950464,1992,3,-7.67,9.56,15.01,393.524,ERA5_real
1992-04-01,277.13777718599255,0.0009015550167565848,-0.0037186262892292396,0.4003158587018612,0.3881980663052437,16891318.421720855,1992,4,3.99,27.05,111.56,506.74,ERA5_real
1992-05-01,285.1120617088922,0.0012841638413977649,-0.006507453900301479,0.31596797546318717,0.3151625728761215,19876704.722299647,1992,5,11.96,39.81,201.73,616.178,ERA5_real
1992-06-01,289.29391908668066,0.002005970495321478,-0.007497307033076943,0.30571786752308894,0.2989663224990265,21511631.164880514,1992,6,16.14,60.18,224.92,645.349,ERA5_real
1992-07-01,292.83548020346717,0.0022542481955366827,-0.008091558061684559,0.2795545251957087,0.26866684189884504,19874561.681588396,1992,7,19.69,69.88,250.84,616.111,ERA5_real
1992-08-01,289.69847341712466,0.00222240986629251,-0.005502236919404192,0.3308683756271996,0.3044027584121608,15519494.00822878,1992,8,16.55,68.89,170.57,481.104,ERA5_real
1992-09-01,282.7995872377622,0.0008541420056250282,-0.004060060299659533,0.3105679911872723,0.3113693283337567,11436602.17616059,1992,9,9.65,25.62,121.8,343.098,ERA5_real
1992-10-01,276.82458889560036,0.0010769966824048607,-0.002899044719060274,0.32428139251130067,0.3050543426545956,6522003.99036874,1992,10,3.67,33.39,89.87,202.182,ERA5_real
1992-11-01,268.24065709182423,0.001033384567891437,-0.0006955894799232351,0.3530933866678553,0.33479689515924554,3959266.5468883393,1992,11,-4.91,31.0,20.87,118.778,ERA5_real
1992-12-01,261.9291658774354,0.0006473095045805306,-0.00015084071114581087,0.33951932878596874,0.3282113154764233,2686069.501991309,1992,12,-11.22,20.07,4.68,83.268,ERA5_real
1993-01-01,262.3909684856895,0.0010336754551414453,-0.00022108368733584805,0.3348394782336192,0.3200045536664973,3571909.669546428,1993,1,-10.76,32.04,6.85,110.729,ERA5_real
1993-02-01,259.8775619017445,0.000796351089116051,-0.00027288533845610483,0.3384105084905771,0.3223077853987871,7535558.707390824,1993,2,-13.27,22.3,7.64,210.996,ERA5_real
1993-03-01,265.95446004848014,0.0010110278606320926,-0.0006032906385927308,0.35627371576436123,0.3304424404434994,11869328.695930693,1993,3,-7.2,31.34,18.7,367.949,ERA5_real
1993-04-01,275.58723585110164,0.0014362160799752624,-0.0026948564095652856,0.4182637885026632,0.408833753040145,16595902.1367616,1993,4,2.44,43.09,80.85,497.877,ERA5_real
1993-05-01,284.04040324511215,0.0012742506584872157,-0.006963666504870472,0.33965932632475393,0.3513365376715034,20875150.586756542,1993,5,10.89,39.5,215.87,647.13,ERA5_real
1993-06-01,291.6697715633586,0.0023721066136909376,-0.007313371570607937,0.3409305433947591,0.32697485592332615,21165637.321739145,1993,6,18.52,71.16,219.4,634.969,ERA5_real
1993-07-01,293.5349603721288,0.0026381807269093773,-0.007333850998135102,0.31511265686458606,0.3027037244803943,20007005.090976164,1993,7,20.38,81.78,227.35,620.217,ERA5_real
1993-08-01,291.95080224025503,0.0017822103042996577,-0.00658580712478998,0.3016389231626905,0.2941226264788426,17126505.830041025,1993,8,18.8,55.25,204.16,530.922,ERA5_real
1993-09-01,282.2361793913232,0.0014425312466775377,-0.0047132560529482385,0.33168856263117263,0.3166052298385272,11047017.895766556,1993,9,9.09,43.28,141.4,331.411,ERA5_real
1993-10-01,276.9435493772619,0.0010410302576538573,-0.002890758118997963,0.3319875234856867,0.32403361022022165,6547486.743992098,1993,10,3.79,32.27,89.61,202.972,ERA5_real
1993-11-01,258.02122556038347,0.0004979603251923949,-0.0003707393159299084,0.32248230778884757,0.3155503748994883,4408703.5766503,1993,11,-15.13,14.94,11.12,132.261,ERA5_real
1993-12-01,259.08607432614866,0.0007785044777285741,-0.000132421611548326,0.31777647186316055,0.3102045080484309,2875485.3020092878,1993,12,-14.06,24.13,4.11,89.14,ERA5_real
1994-01-01,258.951376979105,0.0006075655736636493,-8.03841842065876e-05,0.3160523065508665,0.3075680092746112,3825338.646301354,1994,1,-14.2,18.83,2.49,118.585,ERA5_real
1994-02-01,253.97099760639932,0.0008271223748553949,-0.00012937276561768296,0.3139879299371787,0.3060637065551894,7886936.15056658,1994,2,-19.18,23.16,3.62,220.834,ERA5_real
1994-03-01,264.08364524595265,0.0009454929657662567,-0.0005471400225779186,0.3448868739897716,0.319520417951766,12840964.165918553,1994,3,-9.07,29.31,16.96,398.07,ERA5_real
1994-04-01,277.3084393628072,0.0007532576634432921,-0.0035143281403655986,0.39948368928939526,0.4000976397632414,17435856.123097632,1994,4,4.16,22.6,105.43,523.076,ERA5_real
1994-05-01,286.6012610062413,0.0013867131399283796,-0.007426732781328974,0.3187212986981696,0.327587809568339,20423275.00638363,1994,5,13.45,42.99,230.23,633.122,ERA5_real
1994-06-01,294.6066101668063,0.0009824366852702563,-0.010402277701213178,0.2333747797421707,0.2501160820870659,23737701.397360995,1994,6,21.46,29.47,312.07,712.131,ERA5_real
1994-07-01,291.89456196517256,0.002635399440093427,-0.006735838172296577,0.3108918581991885,0.27476848482697125,17935857.4076243,1994,7,18.74,81.7,208.81,556.012,ERA5_real
1994-08-01,290.65355036427184,0.0020647466962459052,-0.005675233638784337,0.3218585998858828,0.30794950281283995,16428808.231932772,1994,8,17.5,64.01,175.93,509.293,ERA5_real
1994-09-01,284.8079578116556,0.0011935352404703425,-0.0048143177142233535,0.32362512172831803,0.31048164546404466,11747996.661160124,1994,9,11.66,35.81,144.43,352.44,ERA5_real
1994-10-01,278.7181059786385,0.00033018778861195435,-0.0030278930528751906,0.28517354053518823,0.2880207327059162,7676713.863586799,1994,10,5.57,10.24,93.86,237.978,ERA5_real
1994-11-01,269.4524969948375,0.0017842445968463787,-0.000995174737680095,0.3587627300054151,0.3260408373313296,3469092.0770108304,1994,11,-3.7,53.53,29.86,104.073,ERA5_real
1994-12-01,260.7776093660669,0.001077363822885821,-0.00013023085536673648,0.3562566969741426,0.34088970645416655,2735667.4688436203,1994,12,-12.37,33.4,4.04,84.806,ERA5_real
1995-01-01,258.7892818525966,0.0003574220125297677,-8.963315267064219e-05,0.343549073546227,0.32875697873214677,3950387.9836927443,1995,1,-14.36,11.08,2.78,122.462,ERA5_real
1995-02-01,264.87146538968045,0.0004352612348025845,-0.0003267186912380182,0.3423632478965145,0.32475277493608334,6868209.317053568,1995,2,-8.28,12.19,9.15,192.31,ERA5_real
1995-03-01,269.1486797905364,0.0005207191055195653,-0.0010371441924764463,0.3927417983810934,0.36425089932203525,12255678.63615651,1995,3,-4.0,16.14,32.15,379.926,ERA5_real
1995-04-01,282.66805254197965,0.00036676105453646785,-0.0058952321887549945,0.33747489680872395,0.35490005799856844,19117957.46908057,1995,4,9.52,11.0,176.86,573.539,ERA5_real
1995-05-01,286.60341360835946,0.0014070681669948394,-0.007397869143764901,0.2958524638926944,0.2845994535070431,20313513.279202,1995,5,13.45,43.62,229.33,629.719,ERA5_real
1995-06-01,292.33701181680163,0.0008902262173593816,-0.00932670807902001,0.2508965371003121,0.24757442588631695,23475784.59170885,1995,6,19.19,26.71,279.8,704.274,ERA5_real
1995-07-01,295.241134160666,0.0019421291315169728,-0.00901113466901401,0.26876893932735696,0.2511630742457693,20760072.22752717,1995,7,22.09,60.21,279.35,643.562,ERA5_real
1995-08-01,292.9741742259259,0.0011258779557311873,-0.008230249383823445,0.2484450780387512,0.23857975915731852,18310925.401791245,1995,8,19.82,34.9,255.14,567.639,ERA5_real
1995-09-01,285.79970211488785,0.0011493865602570173,-0.005289904827616518,0.27170267530502434,0.24428432152589677,12552708.982983157,1995,9,12.65,34.48,158.7,376.581,ERA5_real
1995-10-01,277.9601552365244,0.0014563428656118016,-0.0029810954091018392,0.3192314714641432,0.28911919161607824,7111348.921976674,1995,10,4.81,45.15,92.41,220.452,ERA5_real
1995-11-01,271.08965692444036,0.0008249802061745899,-0.0013174709785193654,0.3578599374444311,0.3394015721516644,4077533.9387598764,1995,11,-2.06,24.75,39.52,122.326,ERA5_real
1995-12-01,261.4642384863128,0.0012854008209529904,-0.00034943715518462526,0.33860483232157773,0.3231938427662728,2873291.1708438746,1995,12,-11.69,39.85,10.83,89.072,ERA5_real
1996-01-01,253.9077419619509,0.0005807219355513095,-6.951345275788465e-05,0.35267920706249345,0.3242619811549976,4069126.296841078,1996,1,-19.24,18.0,2.15,126.143,ERA5_real
1996-02-01,256.91907756614165,0.0006576653584987228,-0.00015481737354820058,0.3435504733296571,0.3165170340355809,7923584.908279955,1996,2,-16.23,19.07,4.49,229.784,ERA5_real
1996-03-01,263.075611842718,0.0002699102600425874,-0.0005293310567915893,0.3375088462226139,0.3122826565767318,13274219.723120479,1996,3,-10.07,8.37,16.41,411.501,ERA5_real
1996-04-01,274.1119951927958,0.0013481441233263744,-0.00307149476742596,0.4062591367320532,0.3811091831664237,17142465.328749646,1996,4,0.96,40.44,92.14,514.274,ERA5_real
1996-05-01,286.011121166903,0.0009386583950966323,-0.007282250904961191,0.3238306543591959,0.33073686974147415,21751129.957135297,1996,5,12.86,29.1,225.75,674.285,ERA5_real
1996-06-01,293.69325680790774,0.0011737387782786675,-0.009389231802809771,0.25124790151294946,0.25863703081009554,22919758.484845605,1996,6,20.54,35.21,281.68,687.593,ERA5_real
1996-07-01,294.2890327096985,0.0019934319932645075,-0.00767905399187301,0.28570922459440284,0.2617058314766392,20015809.443537325,1996,7,21.14,61.8,238.05,620.49,ERA5_real
1996-08-01,289.22344732953906,0.0018785122103598454,-0.006369587878226416,0.2872384018977901,0.26540245347500274,16432753.866575286,1996,8,16.07,58.23,197.46,509.415,ERA5_real
1996-09-01,284.5242866407385,0.0014604659014619632,-0.004393067016840497,0.30821015940953345,0.2866064379843969,10806653.744456008,1996,9,11.37,43.81,131.79,324.2,ERA5_real
1996-10-01,275.099689452816,0.0008318149632136867,-0.002195033937945736,0.3409994749881636,0.3215704609259546,6866634.820663046,1996,10,1.95,25.79,68.05,212.866,ERA5_real
1996-11-01,267.0661554067769,0.0005527703779608815,-0.0005454057789179551,0.34305901904026165,0.32864002300285644,3986792.3307092153,1996,11,-6.08,16.58,16.36,119.604,ERA5_real
1996-12-01,260.98871088956315,0.001146239324356913,-0.00040844572703261197,0.34589623394437913,0.3172460280344888,2917784.7897029705,1996,12,-12.16,35.53,12.66,90.451,ERA5_real
1997-01-01,259.4414430970981,0.0013203659025212231,-0.00014880014569189132,0.36378783058947933,0.31561362757581857,3742563.1673739445,1997,1,-13.71,40.93,4.61,116.019,ERA5_real
1997-02-01,261.2030889666906,0.0005083785308730937,-0.00029351367850185124,0.34601130269203123,0.3158044953771536,7543953.448177354,1997,2,-11.95,14.23,8.22,211.231,ERA5_real
1997-03-01,270.4316641184963,0.0005420384113825494,-0.000931180697247466,0.3687481152542332,0.33651418051501586,12457680.491348756,1997,3,-2.72,16.8,28.87,386.188,ERA5_real
1997-04-01,282.0596479484024,0.0005106535408614981,-0.005564532080633887,0.3653496560392175,0.3778362004943212,17788903.1629622,1997,4,8.91,15.32,166.94,533.667,ERA5_real
1997-05-01,287.6015874566648,0.0015671484348716395,-0.006975797463092696,0.3224670605122385,0.3202144246884876,19854323.21447973,1997,5,14.45,48.58,216.25,615.484,ERA5_real
1997-06-01,293.0110390901465,0.0007546289832402584,-0.010181940159363481,0.2268437548029609,0.23862565660335402,24401607.407607324,1997,6,19.86,22.64,305.46,732.048,ERA5_real
1997-07-01,292.7197325333248,0.0015128688739083523,-0.008762892553683026,0.26009653787958265,0.2452902117015399,20629846.09989591,1997,7,19.57,46.9,271.65,639.525,ERA5_real
1997-08-01,291.98415393863763,0.0009264948768584376,-0.008206542634868069,0.2353981587023197,0.22618121901076743,17466159.51807945,1997,8,18.83,28.72,254.4,541.451,ERA5_real
1997-09-01,286.6502449898589,0.0005794773194714146,-0.005816496683554677,0.24978504168310053,0.23135786495125285,13218226.44452878,1997,9,13.5,17.38,174.49,396.547,ERA5_real
1997-10-01,282.19833587140516,0.0009012291490543588,-0.0033844716763191153,0.2693518985851503,0.24418381089854407,7356479.567892764,1997,10,9.05,27.94,104.92,228.051,ERA5_real
1997-11-01,266.20980961877854,0.0009598569812728238,-0.0014640595984653727,0.32478720462374133,0.2886361604246076,3942962.065285893,1997,11,-6.94,28.8,43.92,118.289,ERA5_real
1997-12-01,258.34753834736455,0.0009139267163499187,-0.0002222381922056178,0.3173723261978053,0.2858310953611265,3016816.014456624,1997,12,-14.8,28.33,6.89,93.521,ERA5_real
1998-01-01,255.21839766053975,0.00029068077975428797,-7.700190995254276e-05,0.3158027823675941,0.281048300958836,4239690.602646981,1998,1,-17.93,9.01,2.39,131.43,ERA5_real
1998-02-01,260.76191609051034,0.0013569073728851191,-0.00034349462935253603,0.3139403500346184,0.278855967533894,6953084.758671688,1998,2,-12.39,37.99,9.62,194.686,ERA5_real
1998-03-01,265.5614427664596,0.00044310753873752024,-0.0006631711833363442,0.31666999751150016,0.27883839484892925,13135726.748057384,1998,3,-7.59,13.74,20.56,407.208,ERA5_real
1998-04-01,274.204552761946,0.0013910377404472295,-0.0032502363808009083,0.40998275664801537,0.38230009221153893,16878242.3344178,1998,4,1.05,41.73,97.51,506.347,ERA5_real
1998-05-01,286.11394077922785,0.0008438814605519774,-0.007836944505038686,0.3106136524368216,0.3230325976157776,21790375.253677357,1998,5,12.96,26.16,242.95,675.502,ERA5_real
1998-06-01,294.8615269637688,0.0010653610880673177,-0.01007103657728741,0.226151522145743,0.2341965651439639,23272163.526037283,1998,6,21.71,31.96,302.13,698.165,ERA5_real
1998-07-01,297.55629445293096,0.0012348151176245171,-0.010247109868006995,0.2483287046195766,0.23388465463338695,22415823.016274422,1998,7,24.41,38.28,317.66,694.891,ERA5_real
1998-08-01,295.4292860586167,0.0008310859523314339,-0.008927344994890233,0.22832711933046573,0.2201297213019441,18933701.138215926,1998,8,22.28,25.76,276.75,586.945,ERA5_real
1998-09-01,284.8149868978465,0.0009191069965328589,-0.005547231509096563,0.25632903509602484,0.23745553352852536,12459299.948478965,1998,9,11.66,27.57,166.42,373.779,ERA5_real
1998-10-01,278.3287589916347,0.0008397633420157297,-0.0034983042579054277,0.29007992952558254,0.26130062659481573,6486003.891633049,1998,10,5.18,26.03,108.45,201.066,ERA5_real
1998-11-01,263.94672051152264,0.0009625815653559294,-0.0014309928373598684,0.3105791286850524,0.278285776726188,4161532.122302533,1998,11,-9.2,28.88,42.93,124.846,ERA5_real
1998-12-01,264.6417223093198,0.0008029994965666816,-0.00032058873762944305,0.3315727693928632,0.2758828957902848,2635262.9780808324,1998,12,-8.51,24.89,9.94,81.693,ERA5_real
1999-01-01,261.42965150645506,0.0008187101259001462,-0.00016432770591538463,0.3372238824458829,0.27663817046038536,3505995.8999686283,1999,1,-11.72,25.38,5.09,108.686,ERA5_real
1999-02-01,264.4012537636229,0.0007748805862400769,-0.000327513823547148,0.34301292602064953,0.28088877136171414,7204431.816797525,1999,2,-8.75,21.7,9.17,201.724,ERA5_real
1999-03-01,259.88287311354253,0.0008270689847513137,-0.00047276816204599716,0.35327586961276586,0.29231379821014625,14158207.815159012,1999,3,-13.27,25.64,14.66,438.904,ERA5_real
1999-04-01,278.0102714174564,0.0008161073036603416,-0.004170560130546658,0.3920045766127013,0.3794681503527924,18297584.39556075,1999,4,4.86,24.48,125.12,548.928,ERA5_real
1999-05-01,287.0699360966774,0.0015141191570902303,-0.00805134023584558,0.29339989894233176,0.30077067847820493,20587439.618961677,1999,5,13.92,46.94,249.59,638.211,ERA5_real
1999-06-01,288.9621564811361,0.0023588540482154976,-0.007606593546481845,0.31274395732568816,0.28819751960773815,20880450.80896728,1999,6,15.81,70.77,228.2,626.414,ERA5_real
1999-07-01,294.7419472353772,0.0021974892269305065,-0.008126713444357038,0.2968563777781308,0.2933617797021585,21536690.438780915,1999,7,21.59,68.12,251.93,667.637,ERA5_real
1999-08-01,293.06284481642973,0.001023054409532494,-0.00816296372164546,0.2519964653330843,0.25778645741347805,18594487.614770655,1999,8,19.91,31.71,253.05,576.429,ERA5_real
1999-09-01,285.6658189724413,0.0012470572719199041,-0.004965811420274762,0.28280263238208936,0.25662080030754136,11178395.256052075,1999,9,12.52,37.41,148.97,335.352,ERA5_real
1999-10-01,280.39587134221904,0.0007221401172608324,-0.00283895906171148,0.2828230153913048,0.2634273592581088,6622456.458019072,1999,10,7.25,22.39,88.01,205.296,ERA5_real
1999-11-01,264.89810257531826,0.0013121786960977472,-0.0009295874076625625,0.3371064976803326,0.30552459262773035,3905475.6967838453,1999,11,-8.25,39.37,27.89,117.164,ERA5_real
1999-12-01,264.83446380914097,0.0006017359241286862,-0.0002696587003006084,0.3315761782534698,0.3062739377630828,2705058.346568327,1999,12,-8.32,18.65,8.36,83.857,ERA5_real
2000-01-01,260.06677281070284,0.0007259686793239194,-0.00013051793153270793,0.33517565822399814,0.30438181784254636,3657305.454823249,2000,1,-13.08,22.51,4.05,113.376,ERA5_real
2000-02-01,263.9050156139703,0.0009095943510948402,-0.00025500098212787183,0.3260267233722319,0.30225056940676454,7000825.772773476,2000,2,-9.24,26.38,7.4,203.024,ERA5_real
2000-03-01,267.5030090955047,0.0006903795253412264,-0.0007519092318866315,0.3578246213469119,0.32338870616126036,13154011.829288505,2000,3,-5.65,21.4,23.31,407.774,ERA5_real
2000-04-01,281.168696101492,0.0008000456419272984,-0.004946519232036965,0.3715195358866628,0.37818162734761046,18464188.72318776,2000,4,8.02,24.0,148.4,553.926,ERA5_real
2000-05-01,284.578875434755,0.0026158719512764782,-0.006217672659251485,0.3508872243578266,0.3325496455302028,18510955.203346103,2000,5,11.43,81.09,192.75,573.84,ERA5_real
2000-06-01,292.75627157761465,0.0020065943159839677,-0.008376438949188193,0.3157177328750807,0.31822469239313533,21930987.807221435,2000,6,19.61,60.2,251.29,657.93,ERA5_real
2000-07-01,294.0655964930925,0.001150602471636322,-0.00867638225650546,0.2614859684604306,0.2582575880440224,21274852.30012307,2000,7,20.92,35.67,268.97,659.52,ERA5_real
2000-08-01,292.54596400293696,0.0013342564267553967,-0.007567746542065214,0.2615538540690205,0.23355026246255245,17728625.77784334,2000,8,19.4,41.36,234.6,549.587,ERA5_real
2000-09-01,285.0331070235448,0.0011178361541509768,-0.005995963710580722,0.26510370317613047,0.2427064718805005,12598349.883658618,2000,9,11.88,33.54,179.88,377.95,ERA5_real
2000-10-01,273.739474080367,0.001132439401033442,-0.001640796465507971,0.332581000091934,0.29582138970869104,5858755.694353185,2000,10,0.59,35.11,50.86,181.621,ERA5_real
2000-11-01,263.61247612775287,0.0007268346131023734,-0.0005890177231844811,0.3437155152531875,0.326552858264543,4237437.845763144,2000,11,-9.54,21.81,17.67,127.123,ERA5_real
2000-12-01,262.31755517466064,0.0012337564535892323,-0.00012605474609871453,0.32822627644887015,0.3115361689867573,2652815.194789294,2000,12,-10.83,38.25,3.91,82.237,ERA5_real
2001-01-01,258.90975893827044,0.0009281191833203848,-0.00010733221999214303,0.3172128733175167,0.30491443153882125,3837573.8571963143,2001,1,-14.24,28.77,3.33,118.965,ERA5_real
2001-02-01,259.4568890559567,0.0010299418973266118,-0.00024600369095431856,0.3114117948668936,0.3004095273318918,7348578.68150971,2001,2,-13.69,28.84,6.89,205.76,ERA5_real
2001-03-01,270.93101583159836,0.0009180096900397786,-0.001067387501985794,0.38271022747727507,0.35247463237108,12125899.814633744,2001,3,-2.22,28.46,33.09,375.903,ERA5_real
2001-04-01,279.3727003190927,0.000856355659763561,-0.004933753033452862,0.37743005864134066,0.3836574351671742,18849373.43847704,2001,4,6.22,25.69,148.01,565.481,ERA5_real
2001-05-01,290.1745499928555,0.0008876717905419131,-0.008598350788007926,0.27241721248758805,0.28667928948731763,22515943.96910626,2001,5,17.02,27.52,266.55,697.994,ERA5_real
2001-06-01,291.51337737538876,0.0021672258147940257,-0.0084920743375906,0.2925923179133416,0.27475067538736336,21545029.845765043,2001,6,18.36,65.02,254.76,646.351,ERA5_real
2001-07-01,291.6929065107769,0.0022925514661683312,-0.007290742610959034,0.31528797873370007,0.2893148914221115,20024295.308295004,2001,7,18.54,71.07,226.01,620.753,ERA5_real
2001-08-01,291.44957428374056,0.0019629690179363145,-0.0070223341294737025,0.28990244498435974,0.2709775317958363,16985914.395831835,2001,8,18.3,60.85,217.69,526.563,ERA5_real
2001-09-01,284.27042357147496,0.0013317382640517122,-0.004528413940105548,0.31990675794945406,0.29962614211893634,11469252.633791588,2001,9,11.12,39.95,135.85,344.078,ERA5_real
2001-10-01,276.14131664925856,0.0020591954081480178,-0.0024710148140881898,0.37612757097081556,0.3510218656421823,5637678.807721795,2001,10,2.99,63.84,76.6,174.768,ERA5_real
2001-11-01,270.8239635982915,0.0010764193558927715,-0.0009821935436958135,0.38647457647566913,0.3771090398747735,3340557.7168693393,2001,11,-2.33,32.29,29.47,100.217,ERA5_real
2001-12-01,260.12394439577463,0.0005203383260748938,-0.0003055811553266535,0.37783745830438586,0.3549853136127427,2981015.842337089,2001,12,-13.03,16.13,9.47,92.411,ERA5_real
2002-01-01,266.20967992342605,0.0010531933065396934,-0.00040274599221044015,0.4008336517160641,0.36301954822724697,3322770.753629123,2002,1,-6.94,32.65,12.49,103.006,ERA5_real
2002-02-01,267.3762089257602,0.0008632197174272599,-0.0004732020380651897,0.39233576159253625,0.3676257496706439,6444351.912054208,2002,2,-5.77,24.17,13.25,180.442,ERA5_real
2002-03-01,273.35039159105094,0.0014938102763171032,-0.001984697032544678,0.4266146687315099,0.4171859116758212,10472640.73781673,2002,3,0.2,46.31,61.53,324.652,ERA5_real
2002-04-01,275.971076729686,0.0013809623851008205,-0.0037700937458943775,0.4056773646419268,0.40568270137107043,16919130.21243834,2002,4,2.82,41.43,113.1,507.574,ERA5_real
2002-05-01,284.74758186229417,0.001390656967010137,-0.007037818342732733,0.3370380213059511,0.339192853737479,21285147.187539216,2002,5,11.6,43.11,218.17,659.84,ERA5_real
2002-06-01,290.5016068727165,0.002038609928012587,-0.007108029079158319,0.31171236740225367,0.3007168642476671,20984800.989807315,2002,6,17.35,61.16,213.24,629.544,ERA5_real
2002-07-01,293.0699026624989,0.0013635902102471563,-0.0077724775892613965,0.2872756977571944,0.28427763170422904,20955558.52910019,2002,7,19.92,42.27,240.95,649.622,ERA5_real
2002-08-01,291.58964970926405,0.001674951691849764,-0.007074328662849427,0.27568299785675243,0.25848768194165395,17473917.275532167,2002,8,18.44,51.92,219.3,541.691,ERA5_real
2002-09-01,287.5485093920498,0.0005643950300145273,-0.006352310727136012,0.2630963749690449,0.2667927223279397,13595797.18130556,2002,9,14.4,16.93,190.57,407.874,ERA5_real
2002-10-01,277.3859203139629,0.0008737900189443438,-0.002986570348359799,0.29723852014909397,0.2691368302718137,6975441.50045813,2002,10,4.24,27.09,92.58,216.239,ERA5_real
2002-11-01,270.45462619919334,0.0014978487571494863,-0.0009471768987364248,0.3332975622465253,0.306162910663916,3740982.5164831635,2002,11,-2.7,44.94,28.42,112.229,ERA5_real
2002-12-01,255.4032032723676,0.0006521934495764667,-0.00012758497824010717,0.3258257449460701,0.3142081140947501,3179704.0467490484,2002,12,-17.75,20.22,3.96,98.571,ERA5_real
2003-01-01,259.91529579460024,0.0006385657057196649,-0.00012495991542082734,0.32924399010984395,0.3074803311573847,4095422.1513366317,2003,1,-13.23,19.8,3.87,126.958,ERA5_real
2003-02-01,259.23731806372274,0.000425785386443923,-0.00027278941706559127,0.3280739999344028,0.30413730068418454,7669103.623068376,2003,2,-13.91,11.92,7.64,214.735,ERA5_real
2003-03-01,265.8976019602891,0.0006368881224858281,-0.0006918924502933482,0.3501619952754425,0.31253928909569595,12593515.628182855,2003,3,-7.25,19.74,21.45,390.399,ERA5_real
2003-04-01,276.1837644970348,0.0007390479342632658,-0.003731022410642693,0.39901883644103414,0.3891031109643485,18648540.893911768,2003,4,3.03,22.17,111.93,559.456,ERA5_real
2003-05-01,288.0635699667274,0.0018211458869729922,-0.006706726589580553,0.33073031850298745,0.33102102372511066,20033612.823524497,2003,5,14.91,56.46,207.91,621.042,ERA5_real
2003-06-01,291.29410216530226,0.0020081258318693247,-0.007963831849806835,0.3165564244961153,0.3087687713174092,21360583.290139236,2003,6,18.14,60.24,238.91,640.817,ERA5_real
2003-07-01,292.225676323793,0.0021146051187796336,-0.007183325059821946,0.2992877716585797,0.28065545324131436,19212106.077138282,2003,7,19.08,65.55,222.68,595.575,ERA5_real
2003-08-01,295.0606509157491,0.0009370578795196672,-0.007617508265348133,0.2581659874226629,0.25829116513986183,18748586.11614659,2003,8,21.91,29.05,236.14,581.206,ERA5_real
2003-09-01,287.5587418258973,0.0010151080867108163,-0.006002884127362398,0.2586029026942914,0.2395392765852195,12816886.691762311,2003,9,14.41,30.45,180.09,384.507,ERA5_real
2003-10-01,277.6194591581354,0.0009268883036096326,-0.0028661309873283486,0.27686778797713374,0.2581070149549355,7775402.500931147,2003,10,4.47,28.73,88.85,241.037,ERA5_real
2003-11-01,266.22832117941226,0.0007139395017112056,-0.0009895430852383926,0.3136152662284733,0.29866025991279566,4215640.210095494,2003,11,-6.92,21.42,29.69,126.469,ERA5_real
2003-12-01,265.0555397752213,0.0005706838624171936,-0.0002293416809914181,0.3334370633408712,0.29819881902690665,2762396.049635125,2003,12,-8.09,17.69,7.11,85.634,ERA5_real
2004-01-01,259.5743817720835,0.00032847425919947985,-0.00010456231705505309,0.3307060045906076,0.29794304282304973,3655049.070700277,2004,1,-13.58,10.18,3.24,113.307,ERA5_real
2004-02-01,263.87879494026095,0.0009064918067856558,-0.00029832645356818617,0.34643202125260997,0.3027808734470169,6971316.424530146,2004,2,-9.27,26.29,8.65,202.168,ERA5_real
2004-03-01,267.0779549798649,0.0010922863495976183,-0.0010458862601187785,0.40271377899726213,0.3691174509602015,12409771.301712187,2004,3,-6.07,33.86,32.42,384.703,ERA5_real
2004-04-01,277.30751424210814,0.0015581034508210208,-0.0043297766532168274,0.3954511515738437,0.39224771752160204,16307610.932597304,2004,4,4.16,46.74,129.89,489.228,ERA5_real
2004-05-01,289.35796243843356,0.0006402258048351427,-0.008991829756262275,0.268592761218254,0.29069835680998196,22417369.311723255,2004,5,16.21,19.85,278.75,694.938,ERA5_real
2004-06-01,293.61428812475356,0.0012233145449884134,-0.010554762754586125,0.22823591156346018,0.22974299920741745,23655217.81568211,2004,6,20.46,36.7,316.64,709.657,ERA5_real
2004-07-01,294.73138916346466,0.0014264947763619543,-0.00844901048632624,0.26346523455906856,0.24900403470593444,21084633.536017276,2004,7,21.58,44.22,261.92,653.624,ERA5_real
2004-08-01,292.10314641202893,0.0014546757817195546,-0.00789392791674394,0.2590336787230463,0.24855000536349023,18288470.824717414,2004,8,18.95,45.09,244.71,566.943,ERA5_real
2004-09-01,287.33299395150937,0.0008962151076102723,-0.005484175359622775,0.27050285352361403,0.2475200556544108,12260290.655685438,2004,9,14.18,26.89,164.53,367.809,ERA5_real
2004-10-01,278.9547543838983,0.0014548833390488974,-0.003331876224404186,0.3093112617746133,0.2695688001098116,6214071.54034412,2004,10,5.8,45.1,103.29,192.636,ERA5_real
2004-11-01,271.5804883078065,0.0011764858192758216,-0.0009550149020254818,0.359780113103083,0.3344769938977748,3512863.8901891564,2004,11,-1.57,35.29,28.65,105.386,ERA5_real
2004-12-01,260.8299547568104,0.0014115282439019683,-0.0002125930813543579,0.3448636982426037,0.33450304130485603,2733667.6334524415,2004,12,-12.32,43.76,6.59,84.744,ERA5_real
2005-01-01,258.9249541475822,0.0006066749880886974,-6.452163940122358e-05,0.3279424158100984,0.31803104424300443,3931489.3766821735,2005,1,-14.23,18.81,2.0,121.876,ERA5_real
2005-02-01,255.6290034429122,0.0003676873001744085,-0.000160227390130163,0.32055618681593107,0.3093911514446508,7912800.86641288,2005,2,-17.52,10.3,4.49,221.558,ERA5_real
2005-03-01,269.5041450833566,0.0013671423186767272,-0.0011630333380643102,0.3806748241489055,0.34269536766622993,12279059.21158135,2005,3,-3.65,42.38,36.05,380.651,ERA5_real
2005-04-01,278.4395104679136,0.000751843338535454,-0.0036918692909020316,0.3929073090662334,0.3907665640263175,18356705.28912023,2005,4,5.29,22.56,110.76,550.701,ERA5_real
2005-05-01,287.884324383989,0.0013152322525258693,-0.007655824826454256,0.297581865118551,0.30806369653524396,21248180.375406984,2005,5,14.73,40.77,237.33,658.694,ERA5_real
2005-06-01,293.607322795097,0.0016341108215784802,-0.008751495770819923,0.26740883429834245,0.25507937165965505,22544663.62673718,2005,6,20.46,49.02,262.54,676.34,ERA5_real
2005-07-01,294.54932953842297,0.0017724474826618136,-0.008036329074941674,0.27415087632916946,0.2600828719772074,21133742.710754976,2005,7,21.4,54.95,249.13,655.146,ERA5_real
2005-08-01,291.268366402784,0.002182063890278247,-0.006652102060690649,0.28546004014706766,0.2630157404808889,16480555.50099151,2005,8,18.12,67.64,206.22,510.897,ERA5_real
2005-09-01,286.059946725195,0.0006458322376801751,-0.004864891271550637,0.29811635510643114,0.29779396316055085,13517434.517645627,2005,9,12.91,19.37,145.95,405.523,ERA5_real
2005-10-01,279.49038228838873,0.0005626461896240155,-0.0029110777224532975,0.2661910597889463,0.26495220764641947,7485360.642948539,2005,10,6.34,17.44,90.24,232.046,ERA5_real
2005-11-01,271.23109374296337,0.00046721906420643704,-0.0008663148854340613,0.3037406760912993,0.27987317402931083,3542623.3253531684,2005,11,-1.92,14.02,25.99,106.279,ERA5_real
2005-12-01,263.3404191470168,0.00042219155369975866,-0.0003819276187240708,0.2932590070131819,0.2809132532160025,2791974.1331284055,2005,12,-9.81,13.09,11.84,86.551,ERA5_real
2006-01-01,251.27807077132366,0.0006085289266076649,-7.972458175291326e-05,0.29333016665224926,0.27789501472121,4250546.900723796,2006,1,-21.87,18.86,2.47,131.767,ERA5_real
2006-02-01,261.4678941250226,0.0007452168857480566,-0.0002024703306998582,0.3124819467386432,0.278944208806881,7496937.702790274,2006,2,-11.68,20.87,5.67,209.914,ERA5_real
2006-03-01,271.34790343157226,0.0005841610246667989,-0.0019364024383239477,0.3869471560727871,0.3429740662544322,12931671.056149928,2006,3,-1.8,18.11,60.03,400.882,ERA5_real
2006-04-01,279.19088901158045,0.0014836830342534282,-0.004787234562925421,0.3523819422203769,0.3537958091086249,14932473.724439532,2006,4,6.04,44.51,143.62,447.974,ERA5_real
2006-05-01,286.8693526648145,0.0008441554053861232,-0.007839240628969874,0.30117381340144156,0.30318838965163625,21631817.573264174,2006,5,13.72,26.17,243.02,670.586,ERA5_real
2006-06-01,294.8602223095724,0.001973032236377538,-0.00889047219396488,0.2619896975896384,0.24649688803648998,22140022.94899102,2006,6,21.71,59.19,266.71,664.201,ERA5_real
2006-07-01,292.8291665315082,0.0014902935249300722,-0.00862879312339419,0.272300035799051,0.26042620586682647,21046766.08875827,2006,7,19.68,46.2,267.49,652.45,ERA5_real
2006-08-01,291.29817100834003,0.0010007854567401571,-0.007390000719742323,0.2570438707061463,0.24288751370085068,17660793.852782547,2006,8,18.15,31.02,229.09,547.485,ERA5_real
2006-09-01,287.0346815689818,0.0007402226321215783,-0.006495658114644079,0.2488848677999235,0.2346664362726167,13187802.402557122,2006,9,13.88,22.21,194.87,395.634,ERA5_real
2006-10-01,277.66978166300726,0.0014855581777008938,-0.00220868228495577,0.3286728977516239,0.29193942815515794,6272690.276913528,2006,10,4.52,46.05,68.47,194.453,ERA5_real
2006-11-01,269.39553023385673,0.0013617928422280075,-0.0008715499024504616,0.35874158692607955,0.337951075621204,3727159.8905380256,2006,11,-3.75,40.85,26.15,111.815,ERA5_real
2006-12-01,266.95671835947513,0.0011314804563981205,-0.0002877992912363693,0.35515799891274435,0.3336297298466229,2448496.197493533,2006,12,-6.19,35.08,8.92,75.903,ERA5_real
2007-01-01,266.0697721183044,0.0007359483037396735,-0.00023616575159445734,0.34182472939595404,0.32553926569391756,3474223.104063162,2007,1,-7.08,22.81,7.32,107.701,ERA5_real
2007-02-01,262.03211150251667,0.001247016562178136,-0.0003324192874605567,0.3459969030703555,0.3298109259846357,6890543.394198107,2007,2,-11.12,34.92,9.31,192.935,ERA5_real
2007-03-01,265.35994435984605,0.0004769479678068995,-0.0006783990445995572,0.36260315819200284,0.33817220369206613,13438367.81444082,2007,3,-7.79,14.79,21.03,416.589,ERA5_real
2007-04-01,280.0200335392817,0.001047735168301118,-0.004128391619527886,0.3988883002484823,0.39826338673927,16366641.354695769,2007,4,6.87,31.43,123.85,490.999,ERA5_real
2007-05-01,287.67913374499904,0.0015640799516268844,-0.00783048960069049,0.3269299503625959,0.3298879582124406,20416312.286872767,2007,5,14.53,48.49,242.75,632.906,ERA5_real
2007-06-01,291.2564339905478,0.001454630353405205,-0.008998071029598691,0.26485847331587004,0.2616185925224452,22760709.418619983,2007,6,18.11,43.64,269.94,682.821,ERA5_real
2007-07-01,294.5908536655258,0.0023305471651331776,-0.0076254981682386275,0.29944350916041246,0.2775077030632075,21069040.544471197,2007,7,21.44,72.25,236.39,653.14,ERA5_real
2007-08-01,293.00533066023877,0.0007169193987068904,-0.00783471595620389,0.2452809788172269,0.24393750407214226,19198202.378804673,2007,8,19.86,22.22,242.88,595.144,ERA5_real
2007-09-01,287.3278015410715,0.0008222174037154485,-0.005927848777971897,0.23544611672312743,0.22738665404252162,13345357.920383489,2007,9,14.18,24.67,177.84,400.361,ERA5_real
2007-10-01,278.6690654840302,0.0007049629801592987,-0.0023672778952206703,0.29549117578617895,0.27120471233562277,6991656.73303147,2007,10,5.52,21.85,73.39,216.741,ERA5_real
2007-11-01,268.9332038066736,0.0007714903406216214,-0.0010871688471792284,0.3109554973150643,0.28206154054527366,4213454.37312019,2007,11,-4.22,23.14,32.62,126.404,ERA5_real
2007-12-01,261.20896219269724,0.0005645440783214239,-0.000236410260422611,0.30831973736253443,0.28375689754473016,2736648.6655768617,2007,12,-11.94,17.5,7.33,84.836,ERA5_real
2008-01-01,253.8309983690215,0.00035774568955274636,-4.853123387477201e-05,0.30553318815511005,0.2796301175719357,4204678.840153223,2008,1,-19.32,11.09,1.5,130.345,ERA5_real
2008-02-01,262.38558559050966,0.0008171404096994859,-0.00037395730128473843,0.30788539853556895,0.2772891399816002,6878784.875008107,2008,2,-10.76,23.7,10.84,199.485,ERA5_real
2008-03-01,272.84626487126707,0.0015086549268823394,-0.0016137899887190186,0.3995464280835374,0.35491753206000504,12471855.994331205,2008,3,-0.3,46.77,50.03,386.628,ERA5_real
2008-04-01,279.6364280436536,0.0006547370590136086,-0.005613454712286731,0.3340331775263627,0.3410608766237803,18683201.67454469,2008,4,6.49,19.64,168.4,560.496,ERA5_real
2008-05-01,288.1888580744375,0.0009556868164739576,-0.007750165935143196,0.27214842602659123,0.2757130114478225,21130805.285656583,2008,5,15.04,29.63,240.26,655.055,ERA5_real
2008-06-01,292.9048179572272,0.0012596934013731614,-0.009588685911294376,0.24226848375873472,0.23560037196844902,23261250.827613138,2008,6,19.75,37.79,287.66,697.838,ERA5_real
2008-07-01,296.5696971823133,0.0016328416960617394,-0.009091393302832877,0.2654402403527013,0.24785954979407035,22361108.850381065,2008,7,23.42,50.62,281.83,693.194,ERA5_real
2008-08-01,293.70928937551025,0.0008874608059823523,-0.00868507622428483,0.22988176080531608,0.22620959207488334,18756313.598490458,2008,8,20.56,27.51,269.24,581.446,ERA5_real
2008-09-01,283.87504547750257,0.0013570708902474755,-0.004870273418399853,0.28655847189040057,0.25511824016084816,11401267.285438465,2008,9,10.73,40.71,146.11,342.038,ERA5_real
2008-10-01,278.9813896175908,0.0007467082548409074,-0.0024376360661760087,0.3049049930387463,0.281319640178076,7210967.726040329,2008,10,5.83,23.15,75.57,223.54,ERA5_real
2008-11-01,273.12315949140515,0.0006577989718138448,-0.0011278437005273702,0.3271987855398938,0.30206197340161667,3960379.688261357,2008,11,-0.03,19.73,33.84,118.811,ERA5_real
2008-12-01,264.1044002332983,0.0004748078865366608,-0.0006535351604426068,0.32105279406251636,0.3064519995491265,2841494.5697948867,2008,12,-9.05,14.72,20.26,88.086,ERA5_real
2009-01-01,260.1948244386287,0.0008258624738800171,-0.00014243004329208235,0.3160045331561928,0.29646767486283165,3790872.0978692863,2009,1,-12.96,25.6,4.42,117.517,ERA5_real
2009-02-01,258.5330750712766,0.0005091514558453411,-0.000187990937439888,0.3123690367524163,0.2917817529402259,7870220.23322179,2009,2,-14.62,14.26,5.26,220.366,ERA5_real
2009-03-01,269.49050526263846,0.0008148882736112621,-0.0008233816029422724,0.3702509406581623,0.32044860740855596,12027344.095370298,2009,3,-3.66,25.26,25.52,372.848,ERA5_real
2009-04-01,278.41862075390856,0.0013130990194683888,-0.00506682174399333,0.3842773429530336,0.37673194615786093,16872297.483411938,2009,4,5.27,39.39,152.0,506.169,ERA5_real
2009-05-01,286.68536195487513,0.0015496086874996447,-0.007878560464180133,0.3031918058453415,0.30202198235055183,21601347.798804764,2009,5,13.54,48.04,244.24,669.642,ERA5_real
2009-06-01,292.163454204341,0.0010075241484727101,-0.009221914939282136,0.24922906708607206,0.25445161217312945,22634342.572945375,2009,6,19.01,30.23,276.66,679.03,ERA5_real
2009-07-01,292.87529169665476,0.0021620511688935995,-0.008056789396808805,0.2747842977179349,0.24744502976278837,20719050.84749792,2009,7,19.73,67.02,249.76,642.291,ERA5_real
2009-08-01,291.5133971261983,0.0017477739833129812,-0.007112039622879176,0.2834389720160262,0.2669468243256613,17198528.18853334,2009,8,18.36,54.18,220.47,533.154,ERA5_real
2009-09-01,286.30362730264005,0.0007213731376208268,-0.004670115810996457,0.2909802327931312,0.27412032277062065,12718911.26312645,2009,9,13.15,21.64,140.1,381.567,ERA5_real
2009-10-01,278.5756116725861,0.0007522841022729013,-0.0030712323462837965,0.27993434344922413,0.2677497250121825,7401080.339116143,2009,10,5.43,23.32,95.21,229.433,ERA5_real
2009-11-01,269.4295570481559,0.0007636926714673785,-0.0009520119631227808,0.3381966559678329,0.30841595383400383,3726733.677192729,2009,11,-3.72,22.91,28.56,111.802,ERA5_real
2009-12-01,259.43295451302697,0.0008295921079095535,-0.00031173406779658034,0.34280423721079845,0.30943222964101397,2877884.193110464,2009,12,-13.72,25.72,9.66,89.214,ERA5_real
2010-01-01,253.0348791622128,0.0007290228286940236,-7.99988641701862e-05,0.3570148397999804,0.30334488217143263,4207488.540077263,2010,1,-20.12,22.6,2.48,130.432,ERA5_real
2010-02-01,254.384368803301,0.00047390326315589065,-0.00023136314353169437,0.3552350377264932,0.2998899718417002,7968034.9199597435,2010,2,-18.77,13.27,6.48,223.105,ERA5_real
2010-03-01,266.92660282595693,0.001223098978253945,-0.0007990396012020457,0.38300648945266974,0.3198840710557321,12897561.142063249,2010,3,-6.22,37.92,24.77,399.824,ERA5_real
2010-04-01,278.7286131476254,0.0005786308448863193,-0.004956009507584565,0.3857807624489622,0.3872133331635133,19211443.64951001,2010,4,5.58,17.36,148.68,576.343,ERA5_real
2010-05-01,287.19024909772776,0.0006736494924950399,-0.008116865806780605,0.25117773781169306,0.2688063184952745,22289678.909749545,2010,5,14.04,20.88,251.62,690.98,ERA5_real
2010-06-01,294.88144904736345,0.0006904015242978813,-0.010703978108788743,0.22053284778336016,0.22601960945226732,24840733.821558177,2010,6,21.73,20.71,321.12,745.222,ERA5_real
2010-07-01,293.55826313620133,0.0012416386203865514,-0.009126474501235137,0.23865036177832719,0.22844830998088367,21450893.225592926,2010,7,20.41,38.49,282.92,664.978,ERA5_real
2010-08-01,295.133830582421,0.0006877022522216012,-0.009362586915330286,0.22223320653858833,0.2193753814327536,19990832.481288254,2010,8,21.98,21.32,290.24,619.716,ERA5_real
2010-09-01,286.8768506610098,0.0004320082648863191,-0.006619779256088348,0.21571117175084104,0.21528926455850636,13998156.753737045,2010,9,13.73,12.96,198.59,419.945,ERA5_real
2010-10-01,277.98295543023494,0.0005462657683480961,-0.002585923071576211,0.2660606970474323,0.2288902090474698,7089520.14529998,2010,10,4.83,16.93,80.16,219.775,ERA5_real
2010-11-01,273.38069058626274,0.001376946698649224,-0.001618892211979924,0.3304303689614936,0.2857937950323966,3493111.120940809,2010,11,0.23,41.31,48.57,104.793,ERA5_real
2010-12-01,260.3890253662641,0.0009231524581606378,-0.0005325831089528301,0.33902413826491273,0.30532484667113524,3009543.6774922037,2010,12,-12.76,28.62,16.51,93.296,ERA5_real
2011-01-01,254.13013111480583,0.00022449775482651316,-0.00011867665871833903,0.3386912197938772,0.2948377328144383,4407203.616026016,2011,1,-19.02,6.96,3.68,136.623,ERA5_real
2011-02-01,258.7123929130947,0.0007768222561715022,-0.00020626010329006112,0.336686649598175,0.29045649353736863,7578672.444640837,2011,2,-14.44,21.75,5.78,212.203,ERA5_real
2011-03-01,266.4995850375223,0.0008072073115504189,-0.0009420485189801226,0.365894224910853,0.3030395271381254,13146264.09951851,2011,3,-6.65,25.02,29.2,407.534,ERA5_real
2011-04-01,281.09204709134275,0.000999008122104278,-0.004640425473380281,0.3738079684549303,0.37064621573805673,17504194.84972135,2011,4,7.94,29.97,139.21,525.126,ERA5_real
2011-05-01,286.9476022463309,0.001219956771646231,-0.00827232183207163,0.26501201592546964,0.27267659561551816,21818634.17562348,2011,5,13.8,37.82,256.44,676.378,ERA5_real
2011-06-01,292.5855864046082,0.0023147882872456317,-0.00777063710638362,0.2986792664057137,0.2747509692659222,21197546.2481267,2011,6,19.44,69.44,233.12,635.926,ERA5_real
2011-07-01,293.82765034888774,0.002056011441843065,-0.008390014169942239,0.2872634077252937,0.27511011817193826,21605617.54194214,2011,7,20.68,63.74,260.09,669.774,ERA5_real
2011-08-01,290.8581169792295,0.001303087670977448,-0.0071351454277183085,0.27141212520158264,0.26069485752162985,17240495.271773454,2011,8,17.71,40.4,221.19,534.455,ERA5_real
2011-09-01,288.2187352714232,0.0008677898282769228,-0.006330900199393335,0.24964163794435448,0.24627218713046184,13397955.017916236,2011,9,15.07,26.03,189.93,401.939,ERA5_real
2011-10-01,279.25156494844344,0.00110987280894012,-0.002260202393977639,0.3109726185917077,0.2821194243612042,6892303.483762709,2011,10,6.1,34.41,70.07,213.661,ERA5_real
2011-11-01,265.6705691631965,0.0008623390134236177,-0.0010121885803375935,0.33160958377232636,0.30647511320487264,4119974.2732325704,2011,11,-7.48,25.87,30.37,123.599,ERA5_real
2011-12-01,259.63000462027554,0.0005009806601744284,-0.00014944782200808127,0.31926747288232227,0.2982384566972513,2971219.7989737582,2011,12,-13.52,15.53,4.63,92.108,ERA5_real
2012-01-01,255.5090888532664,0.00013178727033060107,-4.560228124070687e-05,0.31585007559059075,0.29188526518914826,4362033.3450260265,2012,1,-17.64,4.09,1.41,135.223,ERA5_real
2012-02-01,255.47641320971704,0.00022998085498251438,-0.00019095303495538998,0.3158521202948274,0.28813680446434775,7521801.463135737,2012,2,-17.67,6.67,5.54,218.132,ERA5_real
2012-03-01,268.4744889244987,0.001148589177645076,-0.0010672569291174136,0.35839579874501365,0.30667518734517807,11740849.060968276,2012,3,-4.68,35.61,33.08,363.966,ERA5_real
2012-04-01,284.02591589747016,0.0004901257180660158,-0.006425063516963063,0.31919722316395094,0.3403196169045265,19318030.95165596,2012,4,10.88,14.7,192.75,579.541,ERA5_real
2012-05-01,288.4440979219144,0.0009794379830358087,-0.008532266970002231,0.2648212573735435,0.26517629774543305,22000085.068119925,2012,5,15.29,30.36,264.5,682.003,ERA5_real
2012-06-01,295.0077327629114,0.0014996147714399627,-0.00939474534365047,0.24400110032957062,0.22897099741124982,22556619.102236006,2012,6,21.86,44.99,281.84,676.699,ERA5_real
2012-07-01,297.3255557525535,0.0014930252849478022,-0.010184284911987519,0.2347962065285275,0.23025701805110463,22873979.678187735,2012,7,24.18,46.28,315.71,709.093,ERA5_real
2012-08-01,293.9791304469579,0.0011435659389324247,-0.008223280846899952,0.25550983514701237,0.24200815188482852,18798392.590786245,2012,8,20.83,35.45,254.92,582.75,ERA5_real
2012-09-01,286.8418565464132,0.0006987776823695474,-0.005836297819904989,0.24942332515961838,0.23751496688969914,12300237.473954482,2012,9,13.69,20.96,175.09,369.007,ERA5_real
2012-10-01,279.1134803395341,0.0009323847428477377,-0.0031232892920336646,0.2916922639405461,0.25320728401197906,6671240.965819315,2012,10,5.96,28.9,96.82,206.808,ERA5_real
2012-11-01,268.93433923598076,0.0015561694074413181,-0.000909160033774981,0.31612835312432264,0.29190512020071196,3397712.9794450533,2012,11,-4.22,46.69,27.27,101.931,ERA5_real
2012-12-01,253.55896540158386,0.0007690907637636339,-0.00010998546054130793,0.30824103443899964,0.29355392346258974,3044165.122150106,2012,12,-19.59,23.84,3.41,94.369,ERA5_real
2013-01-01,259.3461620033718,0.0010072957197741514,-7.777499175637808e-05,0.3010009899246679,0.2862258106466866,3863874.9483648534,2013,1,-13.8,31.23,2.41,119.78,ERA5_real
2013-02-01,261.96238216281023,0.0005905195171654682,-0.00022807800081091784,0.29847867621607294,0.28264979637913834,7392647.148829619,2013,2,-11.19,16.53,6.39,206.994,ERA5_real
2013-03-01,269.0178998768172,0.0011909566154712124,-0.0009243128361928433,0.3668384371660212,0.33157802672379755,12273141.731540486,2013,3,-4.13,36.92,28.65,380.467,ERA5_real
2013-04-01,280.6571161422132,0.0013803842010851701,-0.004511082924605613,0.38760841000269,0.3806075584372091,16800245.68555994,2013,4,7.51,41.41,135.33,504.007,ERA5_real
2013-05-01,285.8612326816853,0.0011683200126923702,-0.007914173378450082,0.320046765200364,0.3275923229629404,21257769.560364727,2013,5,12.71,36.22,245.34,658.991,ERA5_real
2013-06-01,292.3203064149154,0.0006560845231092031,-0.010286911636001412,0.22631963893232837,0.2415658009308471,24184157.944766726,2013,6,19.17,19.68,308.61,725.525,ERA5_real
2013-07-01,293.1567166566707,0.0030027763695080795,-0.007082387973556468,0.3036786792508279,0.270650471044256,19424524.574399587,2013,7,20.01,93.09,219.55,602.16,ERA5_real
2013-08-01,291.7405786714081,0.0030014146913862404,-0.006033234585511514,0.33544493943868287,0.32340673745550264,16453185.343364181,2013,8,18.59,93.04,187.03,510.049,ERA5_real
2013-09-01,285.94283947462884,0.000712614980057416,-0.005093219202996855,0.2886409161699727,0.29091562135962445,12642049.932902994,2013,9,12.79,21.38,152.8,379.261,ERA5_real
2013-10-01,277.6533795333133,0.0009086065545393182,-0.002649445737247248,0.32758446291657645,0.29990022292812174,6278444.847180126,2013,10,4.5,28.17,82.13,194.632,ERA5_real
2013-11-01,273.87437230801453,0.0006600415629942866,-0.001492546958137572,0.33787884735646323,0.3228260261936603,3734706.759651211,2013,11,0.72,19.8,44.78,112.041,ERA5_real
2013-12-01,265.16690046731316,0.001374913235257734,-0.00044143636715647397,0.3403211539892911,0.32678738020615095,2656996.4399386263,2013,12,-7.98,42.62,13.68,82.367,ERA5_real
2014-01-01,257.2927944899115,0.0009224782119963053,-0.00013524714390876141,0.32653902970578425,0.31771787355042264,3934633.7365740845,2014,1,-15.86,28.6,4.19,121.974,ERA5_real
2014-02-01,255.24419837185422,0.0007913820597817278,-0.0001644796650827108,0.32159779207153266,0.31185678504320996,7560154.730981272,2014,2,-17.91,22.16,4.61,211.684,ERA5_real
2014-03-01,270.46007299259435,0.0007701246900139171,-0.001158653904449932,0.37447186330392973,0.35107091523126094,12496073.118504096,2014,3,-2.69,23.87,35.92,387.378,ERA5_real
2014-04-01,277.85103280727117,0.0009187224622352416,-0.005291661340536948,0.3752306300202025,0.3794824873449661,17958055.881029844,2014,4,4.7,27.56,158.75,538.742,ERA5_real
2014-05-01,288.59160656439883,0.0007773094124236709,-0.0090039831004139,0.2574168689762331,0.2771631542360587,22259709.65031863,2014,5,15.44,24.1,279.12,690.051,ERA5_real
2014-06-01,293.969128460908,0.0008262425039786724,-0.010000433166042192,0.22953801407600527,0.23392678948561763,23963926.961619552,2014,6,20.82,24.79,300.01,718.918,ERA5_real
2014-07-01,291.1296301806884,0.002598345440777518,-0.007575348215744554,0.29279925253315714,0.2587212651712043,19071843.358259898,2014,7,17.98,80.55,234.84,591.227,ERA5_real
2014-08-01,294.4986641028172,0.0009148684043375284,-0.008178360571596342,0.2541158502885022,0.25914487134066144,19163868.66458595,2014,8,21.35,28.36,253.53,594.08,ERA5_real
2014-09-01,284.2278648139306,0.0008534703066115323,-0.005010021716255711,0.25305015053899965,0.23681482501518408,12405506.66388501,2014,9,11.08,25.6,150.3,372.165,ERA5_real
2014-10-01,275.99472728134435,0.0016478410196804853,-0.0025152965161594956,0.34255291526183457,0.3012639196517517,5933624.959090193,2014,10,2.84,51.08,77.97,183.942,ERA5_real
2014-11-01,266.4468802184557,0.0009366338907530367,-0.0005451824117943063,0.35124418115450706,0.33681506630518604,3745192.2317970167,2014,11,-6.7,28.1,16.36,112.356,ERA5_real
2014-12-01,262.7153681395614,0.0009847004956908367,-0.0001595362151960323,0.33333913513828684,0.32012309672688694,2855217.1483510584,2014,12,-10.43,30.53,4.95,88.512,ERA5_real
2015-01-01,259.8050025536461,0.0007934633946160938,-0.00012294888356838263,0.3265850106710521,0.3131048235463498,4035592.8318667808,2015,1,-13.34,24.6,3.81,125.103,ERA5_real
2015-02-01,262.44085865617154,0.00044082154323512955,-0.00024299194147820385,0.32219887639686523,0.3074934136484721,7536621.064556667,2015,2,-10.71,12.34,6.8,211.025,ERA5_real
2015-03-01,267.641674842288,0.0007997950057722404,-0.0007764445576175711,0.35403904234107386,0.3248242605022765,12638247.768116191,2015,3,-5.51,24.79,24.07,391.786,ERA5_real
2015-04-01,278.5043460210476,0.001029205388253947,-0.0041132520920951115,0.40254752927201487,0.39458069277195373,17832410.90602544,2015,4,5.35,30.88,123.4,534.972,ERA5_real
2015-05-01,287.79595784958957,0.0019674851003384257,-0.006833036791008194,0.3378955488086186,0.33719952864840586,19913928.55379128,2015,5,14.65,60.99,211.82,617.332,ERA5_real
2015-06-01,294.7112194129682,0.0011989004356577793,-0.009503739378603278,0.2702412589578841,0.27716731520629534,24415811.11284179,2015,6,21.56,35.97,285.11,732.474,ERA5_real
2015-07-01,293.94260530034376,0.001695316765456247,-0.009354337377561221,0.2594681968815527,0.24382088228799806,21258351.927567296,2015,7,20.79,52.55,289.98,659.009,ERA5_real
2015-08-01,291.3271162519539,0.0010465277246507702,-0.008199029021982064,0.2482967611769486,0.2356325683493188,18194494.36493645,2015,8,18.18,32.44,254.17,564.029,ERA5_real
2015-09-01,285.8007568228511,0.0010107462649433488,-0.0049451720300701186,0.2776761759533286,0.25335709234354115,12265224.369704362,2015,9,12.65,30.32,148.36,367.957,ERA5_real
2015-10-01,276.4851046735984,0.001370514054175391,-0.003079394206711473,0.30723325952027214,0.2757318221124956,6760192.680426061,2015,10,3.34,42.49,95.46,209.566,ERA5_real
2015-11-01,267.1291841955154,0.0014120863571709284,-0.0006526983923845149,0.34642064297764813,0.3222948747584572,3605356.619397446,2015,11,-6.02,42.36,19.58,108.161,ERA5_real
2015-12-01,267.06292455185076,0.0015941158130905932,-0.0003238645268365337,0.3591766435501634,0.33573936466392773,2486893.619883675,2015,12,-6.09,49.42,10.04,77.094,ERA5_real
2016-01-01,257.0911376266254,0.0008228066302690996,-0.00010352124413122439,0.34656878305613137,0.3301883511157868,3962176.9831776987,2016,1,-16.06,25.51,3.21,122.827,ERA5_real
2016-02-01,266.11948962054294,0.0006528204624673645,-0.0003331854622596974,0.3548525785751176,0.32787461053087197,7011184.096720688,2016,2,-7.03,18.93,9.66,203.324,ERA5_real
2016-03-01,271.5046827582442,0.001142230064684161,-0.001426129501427855,0.39917234616515834,0.38167274080897257,11540909.307771565,2016,3,-1.65,35.41,44.21,357.768,ERA5_real
2016-04-01,281.73296332343375,0.0011611271489232286,-0.004576189002174012,0.38029319044040266,0.38451662349114757,16925340.63531634,2016,4,8.58,34.83,137.29,507.76,ERA5_real
2016-05-01,286.82300457480176,0.000761882232436342,-0.00837879233206354,0.2750329801781492,0.29530030565786497,22619093.40770098,2016,5,13.67,23.62,259.74,701.192,ERA5_real
2016-06-01,291.8509315937344,0.002203607681584575,-0.008116237477522796,0.2803278505185885,0.26176831970715797,20667386.72315552,2016,6,18.7,66.11,243.49,620.022,ERA5_real
2016-07-01,293.6089189251952,0.002921600854930597,-0.006757762162074955,0.32299685739764694,0.29746436689351047,19296696.203174442,2016,7,20.46,90.57,209.49,598.198,ERA5_real
2016-08-01,294.29747734153415,0.00042574185110906364,-0.008202720228615618,0.24194761683010874,0.2616285558061142,20069692.725565355,2016,8,21.15,13.2,254.28,622.16,ERA5_real
2016-09-01,287.5913387829286,0.00127021830524482,-0.0056944430497504915,0.2648997457566258,0.24924619035172552,12962688.726196088,2016,9,14.44,38.11,170.83,388.881,ERA5_real
2016-10-01,273.6704508716149,0.001212832454993107,-0.001590593596126193,0.32474290222034213,0.29488491862256067,5820548.068490113,2016,10,0.52,37.6,49.31,180.437,ERA5_real
2016-11-01,263.2976062388023,0.0011685168656512576,-0.0006533363912368616,0.35084278804159724,0.3305901600882606,3853195.156258038,2016,11,-9.85,35.06,19.6,115.596,ERA5_real
2016-12-01,261.14897488109534,0.0014904534392150776,-0.00019045058974537978,0.3480883109702827,0.3259824255953331,2734701.680975737,2016,12,-12.0,46.2,5.9,84.776,ERA5_real
2017-01-01,262.26420175149616,0.0006868691302635692,-0.00011108727671266986,0.33028027600260207,0.31893660212468244,3558476.0049394527,2017,1,-10.89,21.29,3.44,110.313,ERA5_real
2017-02-01,260.0664504340804,0.0007810306310596494,-0.00023584236186788613,0.32253820340396167,0.31245372707822655,7631059.6041954,2017,2,-13.08,21.87,6.6,213.67,ERA5_real
2017-03-01,267.4972183726493,0.0006746926511578957,-0.000737659809069339,0.35277126887802557,0.3303147206977582,13230237.488718407,2017,3,-5.65,20.92,22.87,410.137,ERA5_real
2017-04-01,279.13821161994025,0.0009732873268214588,-0.004585631008175948,0.3977061654204083,0.3992121427857219,18367353.20408974,2017,4,5.99,29.2,137.57,551.021,ERA5_real
2017-05-01,287.3483555934104,0.0012392204882781602,-0.008907934198428813,0.28625203182177034,0.30020273018024407,21887605.855422735,2017,5,14.2,38.42,276.15,678.516,ERA5_real
2017-06-01,293.55786347347487,0.0012502468013113187,-0.009389909902008801,0.26362180875683533,0.26156809928158914,22983457.19511569,2017,6,20.41,37.51,281.7,689.504,ERA5_real
2017-07-01,293.98060357756657,0.0016163488294870562,-0.008353646843325862,0.2678778531835846,0.24357938130875367,21638006.674014095,2017,7,20.83,50.11,258.96,670.778,ERA5_real
2017-08-01,293.7875047576634,0.000742296589049652,-0.008226948853890787,0.23504349129887994,0.23561917344267075,19132092.171907622,2017,8,20.64,23.01,255.04,593.095,ERA5_real
2017-09-01,286.01101738895494,0.0008475016832653139,-0.005800032026719074,0.24463356808121628,0.2288832173590072,12284949.131130476,2017,9,12.86,25.43,174.0,368.548,ERA5_real
2017-10-01,276.27326316483624,0.001443782342121867,-0.002193770161399096,0.3132930399564869,0.2660114587397296,6580266.199494973,2017,10,3.12,44.76,68.01,203.988,ERA5_real
2017-11-01,271.2969307536401,0.0008102262145064477,-0.0008845466388720766,0.3589957742045458,0.3387699886124495,3697024.400208838,2017,11,-1.85,24.31,26.54,110.911,ERA5_real
2017-12-01,262.4992621007523,0.0006940609945896462,-0.00032253261242138796,0.340727022815104,0.32257917814525006,2921387.885846492,2017,12,-10.65,21.52,10.0,90.563,ERA5_real
2018-01-01,254.28158605279143,0.0003644067841970447,-0.00012872113458332754,0.3584739369520068,0.3151294772745214,4607197.358487421,2018,1,-18.87,11.3,3.99,142.823,ERA5_real
2018-02-01,261.0625536191826,0.0004308768194110888,-0.0002439767272640391,0.35608756552486415,0.3090763591799489,6759582.437307944,2018,2,-12.09,12.06,6.83,189.268,ERA5_real
2018-03-01,265.9663202449406,0.0014084589169059449,-0.0008597368157925112,0.4063098496265282,0.3403640423263095,12312639.951678695,2018,3,-7.18,43.66,26.65,381.692,ERA5_real
2018-04-01,277.7764913379146,0.0012011849531252388,-0.0042740692970900645,0.401719610497918,0.39379846337695945,16974117.922631316,2018,4,4.63,36.04,128.22,509.224,ERA5_real
2018-05-01,283.75394464001334,0.0014779170701735259,-0.007742740551147574,0.32642323460860345,0.3303759163575852,20147047.497981634,2018,5,10.6,45.82,240.02,624.558,ERA5_real
2018-06-01,291.2706787386052,0.0016876913161194462,-0.008725667891618183,0.27902456277706866,0.2747524052811544,21873613.888573036,2018,6,18.12,50.63,261.77,656.208,ERA5_real
2018-07-01,294.91530770112126,0.0014542885090845742,-0.00893166884096561,0.26372437372817265,0.2553236664064908,21937443.273006212,2018,7,21.77,45.08,276.88,680.061,ERA5_real
2018-08-01,291.5662774940352,0.0020322422033649855,-0.006790423225248121,0.2834733055927584,0.25732967022880365,16821800.341589846,2018,8,18.42,63.0,210.5,521.476,ERA5_real
2018-09-01,285.79467471596325,0.000848983755328655,-0.005201037672916831,0.29771743362925146,0.28949573778436716,12109590.303548822,2018,9,12.64,25.47,156.03,363.288,ERA5_real
2018-10-01,278.5271638776473,0.0013972495055705745,-0.0032867985943790578,0.3152282747872081,0.2897127472459979,6914752.0478726635,2018,10,5.38,43.31,101.89,214.357,ERA5_real
2018-11-01,267.89529692223505,0.0010849932139492563,-0.0010199562487203382,0.345852919313613,0.32822939843676097,3693759.9700733935,2018,11,-5.25,32.55,30.6,110.813,ERA5_real
2018-12-01,258.2492448531704,0.00045242447575757737,-9.880454631886326e-05,0.3462446711146723,0.318757333992934,3072066.16179849,2018,12,-14.9,14.03,3.06,95.234,ERA5_real
2019-01-01,260.3269318321383,0.00044750354509875213,-0.00011819766017956812,0.33655419348930926,0.31003105394637026,3727134.6246259157,2019,1,-12.82,13.87,3.66,115.541,ERA5_real
2019-02-01,259.7436764324116,0.0007493154760994655,-0.00019057060452274375,0.3312354242003289,0.30614313514562985,7302384.430923091,2019,2,-13.41,20.98,5.34,204.467,ERA5_real
2019-03-01,270.8691024249948,0.0007581802781686032,-0.001167258357462911,0.3936237077131922,0.35922830543336765,12467559.211046612,2019,3,-2.28,23.5,36.19,386.494,ERA5_real
2019-04-01,278.443438234743,0.0011444201976510357,-0.004585079862151881,0.3726508331930989,0.37177541937645714,17263269.217839025,2019,4,5.29,34.33,137.55,517.898,ERA5_real
2019-05-01,287.04625095891214,0.0005650778991055695,-0.008590675203495225,0.2712837348815162,0.2854295108443783,23200220.007151283,2019,5,13.9,17.52,266.31,719.207,ERA5_real
2019-06-01,291.15803370618346,0.0015309474020996207,-0.008653006255807979,0.26664368003787225,0.2528284709197933,21915591.22767555,2019,6,18.01,45.93,259.59,657.468,ERA5_real
2019-07-01,296.3007255915088,0.0011093944916154804,-0.010489399731920805,0.23534607171498637,0.23185491761835675,23202429.46421221,2019,7,23.15,34.39,325.17,719.275,ERA5_real
2019-08-01,293.2090488368814,0.0011066369771763483,-0.00857096973466682,0.23669053022446382,0.22186976640180917,18082867.80373843,2019,8,20.06,34.31,265.7,560.569,ERA5_real
2019-09-01,284.90757678138755,0.0015703091347139206,-0.005033577049349071,0.30619104557870297,0.2723226831249988,11860527.302649276,2019,9,11.76,47.11,151.01,355.816,ERA5_real
2019-10-01,280.1767543220398,0.0010577303421452594,-0.0030386557088690957,0.31746933125291155,0.29384982646141783,7157864.409845676,2019,10,7.03,32.79,94.2,221.894,ERA5_real
2019-11-01,265.8500316786991,0.0008774500965066562,-0.0010051522098398795,0.33603770059187255,0.31887575032069826,4147496.9440362416,2019,11,-7.3,26.32,30.15,124.425,ERA5_real
2019-12-01,265.0983315887323,0.00109532912513612,-0.00019858365191319411,0.3346097999005405,0.3114040649054708,2586786.09908458,2019,12,-8.05,33.96,6.16,80.19,ERA5_real
2020-01-01,264.64685586028014,0.001184618473263974,-0.00017685461934580356,0.3255688804267191,0.3074468661800626,3428240.7921176706,2020,1,-8.5,36.72,5.48,106.275,ERA5_real
2020-02-01,266.468506624817,0.0012282365027979543,-0.00035143469073147367,0.3408917141833899,0.3116787882468832,6682341.374854241,2020,2,-6.68,35.62,10.19,193.788,ERA5_real
2020-03-01,271.03408874416135,0.0004424756474806655,-0.0014724921158147494,0.39688074162359677,0.37403816627517505,13569998.992367418,2020,3,-2.12,13.72,45.65,420.67,ERA5_real
2020-04-01,282.26404750290754,0.0012569848638687678,-0.0060480558394696675,0.3634371016145691,0.36828647474871473,17499071.23666806,2020,4,9.11,37.71,181.44,524.972,ERA5_real
2020-05-01,290.99071482825434,0.0010197771542934282,-0.008974866781187555,0.27628529454494805,0.29436555624610744,22891985.920025807,2020,5,17.84,31.61,278.22,709.652,ERA5_real
2020-06-01,292.03013821351135,0.001126781629474373,-0.010257845803828092,0.22222575047443557,0.2313483846931432,23410812.902040813,2020,6,18.88,33.8,307.74,702.324,ERA5_real
2020-07-01,295.7378894293426,0.001646729706912422,-0.00933155008354343,0.26090188429223427,0.2483627695358908,22301161.289715074,2020,7,22.59,51.05,289.28,691.336,ERA5_real
2020-08-01,293.34049181315385,0.0013516919777069316,-0.008131781670200358,0.2672403177630778,0.24810133615933427,18001198.172921382,2020,8,20.19,41.9,252.09,558.037,ERA5_real
2020-09-01,285.3595306896905,0.001156758747529236,-0.005679335261319647,0.2662704775280035,0.24907476106127005,12154639.850041188,2020,9,12.21,34.7,170.38,364.639,ERA5_real
2020-10-01,278.07639195248913,0.0009434924567336477,-0.003121165091633988,0.29215299063145034,0.27283281013102406,7001415.5372993965,2020,10,4.93,29.25,96.76,217.044,ERA5_real
2020-11-01,267.7496660889606,0.0008807028771524271,-0.0010704950320527455,0.33528559187546136,0.3121455744091382,3953650.1661279094,2020,11,-5.4,26.42,32.11,118.61,ERA5_real
2020-12-01,259.584437096401,0.00044993023969527196,-0.00016328950833669183,0.32269227413205165,0.30334675008927076,2845771.416324224,2020,12,-13.57,13.95,5.06,88.219,ERA5_real
2021-01-01,256.6590785296631,0.0005958901741075978,-0.00012615875509643237,0.31936505919238783,0.2955812649945767,4017746.0288875247,2021,1,-16.49,18.47,3.91,124.55,ERA5_real
2021-02-01,260.08429536432163,0.001403741451157525,-0.0002553600194039245,0.34545923679922375,0.2980110972249448,7168951.816361062,2021,2,-13.07,39.3,7.15,200.731,ERA5_real
2021-03-01,266.25090747505084,0.0010044314957946478,-0.000742186147638596,0.36179349053030196,0.30988646519259533,12991773.915395802,2021,3,-6.9,31.14,23.01,402.745,ERA5_real
2021-04-01,278.6419738543887,0.0004109512874419202,-0.004443738718676753,0.3775998454722022,0.37621766682192825,19504253.6731946,2021,4,5.49,12.33,133.31,585.128,ERA5_real
2021-05-01,291.5434179597592,0.0005209853355060712,-0.009703065160799385,0.2440660444051894,0.2727598162972829,23810542.446846105,2021,5,18.39,16.15,300.8,738.127,ERA5_real
2021-06-01,292.9786689592562,0.0008899855261593689,-0.010276257781259401,0.22321579749799142,0.2222062195669774,23945220.297257513,2021,6,19.83,26.7,308.29,718.357,ERA5_real
2021-07-01,295.1263359383717,0.0014654093746052507,-0.00974257131199069,0.24758020862598026,0.2387658169005293,21665537.96634305,2021,7,21.98,45.43,302.02,671.632,ERA5_real
2021-08-01,294.8326316831864,0.000828927429097929,-0.008385333527347077,0.22573226391013773,0.2302808654070871,19117455.28501009,2021,8,21.68,25.7,259.95,592.641,ERA5_real
2021-09-01,284.5648431952392,0.0010928761058950985,-0.005976728600970156,0.25542187111197023,0.22703127812503696,12388638.303949298,2021,9,11.41,32.79,179.3,371.659,ERA5_real
2021-10-01,277.2472016294754,0.000731560781698355,-0.0024851353648173017,0.30894991584127196,0.27393499417487227,6995294.824314661,2021,10,4.1,22.68,77.04,216.854,ERA5_real
2021-11-01,268.0645186526016,0.0011129801742115594,-0.001398875470454072,0.32970308476017524,0.30000498932464004,4067183.5227730135,2021,11,-5.09,33.39,41.97,122.016,ERA5_real
2021-12-01,264.3725231996614,0.0007862274327098714,-0.0003379257851212061,0.3461585279296567,0.31011395093384797,2674909.4102035784,2021,12,-8.78,24.37,10.48,82.922,ERA5_real
2022-01-01,261.3349447521652,0.0007839135089033149,-0.00014108359987425716,0.35039755003657796,0.3095250462613652,3732306.0451350342,2022,1,-11.82,24.3,4.37,115.701,ERA5_real
2022-02-01,263.9516065503452,0.0006881853841193696,-0.00026098901216357705,0.33866158365334126,0.30607113360859395,7293298.353059484,2022,2,-9.2,19.27,7.31,204.212,ERA5_real
2022-03-01,265.99897692791546,0.0008672363426059229,-0.0007911378381078454,0.36421735540008165,0.3227890505235234,12745078.634983199,2022,3,-7.15,26.88,24.53,395.097,ERA5_real
2022-04-01,281.6098927757411,0.00048582787963487057,-0.005422048920831425,0.3621164546666322,0.3685393568231878,18820563.830172766,2022,4,8.46,14.57,162.66,564.617,ERA5_real
2022-05-01,288.3453579642554,0.0009175911932846656,-0.009111363776601879,0.25004327630779966,0.26458952184200735,21619251.17905604,2022,5,15.2,28.45,282.45,670.197,ERA5_real
2022-06-01,292.99262981735626,0.0010474998821363292,-0.009673880928845597,0.2412698510970275,0.23261554656326117,22721516.117758438,2022,6,19.84,31.42,290.22,681.645,ERA5_real
2022-07-01,294.9783778826013,0.0015008951375976613,-0.009106092167251454,0.2440323397736847,0.22852727745733117,21127108.56004662,2022,7,21.83,46.53,282.29,654.94,ERA5_real
2022-08-01,292.38827014685944,0.000753410480384524,-0.0079704332551404,0.24613173627416624,0.23917114520492413,19332958.915502593,2022,8,19.24,23.36,247.08,599.322,ERA5_real
2022-09-01,287.65533253922956,0.00040025107269151997,-0.004075090576842629,0.22936802914671198,0.22253352369263377,9655169.232553342,2022,9,14.51,12.01,122.25,289.655,ERA5_real
2022-10-01,278.0835903275767,0.0005057868065727255,-0.0017355731810894033,0.26567201127929974,0.23364794625222704,5146715.56256202,2022,10,4.93,15.68,53.8,159.548,ERA5_real
2022-11-01,266.56835935282453,0.0008216897787809979,-0.0005189429137668073,0.35372543348783053,0.32004598298535103,2571048.733125901,2022,11,-6.58,24.65,15.57,77.131,ERA5_real
2022-12-01,258.65641733360457,0.00032765386491613,-0.00010453128205061268,0.33895385340420703,0.3144627852727584,2232501.342925334,2022,12,-14.49,10.16,3.24,69.208,ERA5_real
2023-01-01,259.98832210824554,0.00041938539229637186,-0.00010255413138673922,0.34497624267467125,0.30585168604702345,2914767.3884605365,2023,1,-13.16,13.0,3.18,90.358,ERA5_real
2023-02-01,262.11793362882804,0.00044477025573352885,-0.000188130582531082,0.34953730922622234,0.3029886380785066,4785679.339437615,2023,2,-11.03,12.45,5.27,133.999,ERA5_real
2023-03-01,271.18986897286493,0.0004429596915689038,-0.0009090814101909138,0.4058822695876533,0.37052776501669443,9479201.844638914,2023,3,-1.96,13.73,28.18,293.855,ERA5_real
2023-04-01,278.6641945088291,0.0003821418619598381,-0.0035051338396616793,0.3553864349009887,0.36162723410246866,14099781.460330548,2023,4,5.51,11.46,105.15,422.993,ERA5_real
2023-05-01,288.16194033535544,0.000302102612729348,-0.005755923672789118,0.24457629417372817,0.2679874318578643,16695618.516437346,2023,5,15.01,9.37,178.43,517.564,ERA5_real
2023-06-01,293.610722843192,0.0006096708471599638,-0.006515740305519027,0.22420043954124239,0.22222335689509823,16820791.744496003,2023,6,20.46,18.29,195.47,504.624,ERA5_real
2023-07-01,297.4845870264236,0.00048290736680548554,-0.0066486110200276675,0.22662087416457136,0.22105397210596747,16390751.00122311,2023,7,24.33,14.97,206.11,508.113,ERA5_real
2023-08-01,293.0589998283019,0.0010519354718858459,-0.004783684250338852,0.2585862092544412,0.22998553742758007,12724061.141527653,2023,8,19.91,32.61,148.29,394.446,ERA5_real
2023-09-01,286.1614627048023,0.0010516802670076117,-0.0023646019191789604,0.3492591181628245,0.3251195048511178,7961816.872961005,2023,9,13.01,31.55,70.94,238.855,ERA5_real
2023-10-01,279.444855204605,0.0008677405616607823,-0.0016536923339347876,0.3401933877367633,0.3216766166033705,4713561.00647603,2023,10,6.29,26.9,51.26,146.12,ERA5_real
2023-11-01,273.8808056498145,0.0008737477122760661,-0.0006528743593162612,0.3944030753995024,0.37912424711028286,2440897.1743773283,2023,11,0.73,26.21,19.59,73.227,ERA5_real
2023-12-01,262.6219800578262,0.0008238145568328584,-0.00028532542376480695,0.3998274452469486,0.3786001236174456,1985503.6925772787,2023,12,-10.53,25.54,8.85,61.551,ERA5_real
2024-01-01,259.5240718500713,0.0006017999166400535,-0.00010472715980992785,0.38572847304383395,0.3698669714511835,2703447.630838397,2024,1,-13.63,18.66,3.25,83.807,ERA5_real
2024-02-01,259.2658310522099,0.0004972889692712449,-0.00019875923432755274,0.38756139191455885,0.36783963125234537,5601101.793456297,2024,2,-13.88,14.42,5.76,162.432,ERA5_real
2024-03-01,268.9367599864925,0.0006683105160955059,-0.0008729336221981028,0.40006871800689914,0.3827348489027684,12463476.703690574,2024,3,-4.21,20.72,27.06,386.368,ERA5_real
2024-04-01,281.4525436304492,0.0009430087626294582,-0.004684222465610007,0.38019847919140803,0.3911848385117016,17443113.130767617,2024,4,8.3,28.29,140.53,523.293,ERA5_real
2024-05-01,284.39856867628913,0.0022725655062055526,-0.006465916905718981,0.35571691476945444,0.34917937805191596,19389132.011545412,2024,5,11.25,70.45,200.44,601.063,ERA5_real
2024-06-01,294.2983994897702,0.0017251055948765016,-0.008452080892688733,0.30103503615450283,0.3085439210066853,22900620.32099173,2024,6,21.15,51.75,253.56,687.019,ERA5_real
2024-07-01,294.2433383030953,0.002636497733435016,-0.007405917339628864,0.3148996368119625,0.29913065193150395,20108920.601215933,2024,7,21.09,81.73,229.58,623.377,ERA5_real
2024-08-01,291.4574426379941,0.002057151706780729,-0.006219277361053695,0.3136817327245363,0.2976968069176708,16715950.43312591,2024,8,18.31,63.77,192.8,518.194,ERA5_real
2024-09-01,284.7397318951148,0.0007427990711439673,-0.0047321296308123284,0.29363373358403383,0.2970729708539269,12963469.064537311,2024,9,11.59,22.28,141.96,388.904,ERA5_real
2024-10-01,277.5940309229006,0.0010512201702393162,-0.002368768018327385,0.28890782745177684,0.274780906001226,6949894.214036915,2024,10,4.44,32.59,73.43,215.447,ERA5_real
2024-11-01,269.01923320170937,0.0012083568428593442,-0.0008433934624083109,0.36059695742677617,0.34508586132945385,3969887.164183668,2024,11,-4.13,36.25,25.3,119.097,ERA5_real
2024-12-01,264.6829915282135,0.0006321231685504839,-0.00032217703051658534,0.3379349145716734,0.330677581070703,2581275.181141416,2024,12,-8.47,19.6,9.99,80.02,ERA5_real
2025-01-01,263.40837570093646,0.0009756530875249759,-0.00021816146775414867,0.33401595005573825,0.3228146545984032,3703582.943227061,2025,1,-9.74,30.25,6.76,114.811,ERA5_real
2025-02-01,264.63146186854374,0.0005321955575087122,-0.0002428879416593208,0.32794610110658,0.3186244896584922,6674342.242824856,2025,2,-8.52,14.9,6.8,186.882,ERA5_real
2025-03-01,270.64938430876,0.0007941282439231156,-0.0013823924954721905,0.37779125079690984,0.36448770509032985,12904756.781395717,2025,3,-2.5,24.62,42.85,400.047,ERA5_real
2025-04-01,283.27032860393274,0.0011060848513379357,-0.0060104939130116355,0.3619234877172347,0.3669560782628728,17701878.738430534,2025,4,10.12,33.18,180.31,531.056,ERA5_real
2025-05-01,289.6077415386604,0.0015378771844419801,-0.007888017536006452,0.29642005142820577,0.30508157359186533,20580609.650553007,2025,5,16.46,47.67,244.53,637.999,ERA5_real
2025-06-01,294.3482462670682,0.0019011417702151999,-0.008778336809831342,0.2712858243558356,0.25472169655489596,22197283.49894208,2025,6,21.2,57.03,263.35,665.919,ERA5_real
2025-07-01,294.38096364354914,0.0016041719727487849,-0.00846591596719871,0.2610460739368263,0.24753186325427498,21177426.51923752,2025,7,21.23,49.73,262.44,656.5,ERA5_real
2025-08-01,291.8484307612202,0.0016991839326838658,-0.0069236479045552395,0.29706200149369605,0.27630394678573605,17834601.28874943,2025,8,18.7,52.67,214.63,552.873,ERA5_real
2025-09-01,286.4548660708642,0.0012278636192757267,-0.004861087919281334,0.3004177819018295,0.27877898550229585,11599363.711459348,2025,9,13.3,36.84,145.83,347.981,ERA5_real
2025-10-01,276.59787735125195,0.00038212875670635987,-0.002383049556337496,0.28495770530217773,0.2781565896398031,7621915.016605021,2025,10,3.45,11.85,73.87,236.279,ERA5_real
2025-11-01,272.7865570064943,0.0015101579451501838,-0.0010399218693611868,0.366916503293015,0.33306028873828836,3287100.8405782725,2025,11,-0.36,45.3,31.2,98.613,ERA5_real
2025-12-01,264.3311453765001,0.001080826923660505,-0.00041059672567229336,0.35037788914624823,0.3384400861713281,2471643.406583374,2025,12,-8.82,33.51,12.73,76.621,ERA5_real
