year,region,crop,area_ha,production_ton,yield_kgha,source
1991,Акмолинская область,Зерновые и бобовые (группа),4700100.0,2607800.0,640.0,stat_gov_kz_real_group
1992,Акмолинская область,Зерновые и бобовые (группа),4670700.0,6918800.0,1780.0,stat_gov_kz_real_group
1993,Акмолинская область,Зерновые и бобовые (группа),4580600.0,4186000.0,1050.0,stat_gov_kz_real_group
1994,Акмолинская область,Зерновые и бобовые (группа),4390300.0,2954500.0,680.0,stat_gov_kz_real_group
1995,Акмолинская область,Зерновые и бобовые (группа),4193500.0,2444600.0,620.0,stat_gov_kz_real_group
1996,Акмолинская область,Зерновые и бобовые (группа),4054000.0,2616300.0,740.0,stat_gov_kz_real_group
1997,Акмолинская область,Зерновые и бобовые (группа),3633300.0,1973000.0,560.0,stat_gov_kz_real_group
1998,Акмолинская область,Зерновые и бобовые (группа),3080500.0,1055700.0,370.0,stat_gov_kz_real_group
1999,Акмолинская область,Зерновые и бобовые (группа),2728207.0,3577500.0,1330.0,stat_gov_kz_real_group
2000,Акмолинская область,Зерновые и бобовые (группа),3191176.0,2541900.0,790.0,stat_gov_kz_real_group
2001,Акмолинская область,Зерновые и бобовые (группа),3315824.0,3661800.0,1120.0,stat_gov_kz_real_group
2002,Акмолинская область,Зерновые и бобовые (группа),3590425.0,3233600.0,910.0,stat_gov_kz_real_group
2003,Акмолинская область,Зерновые и бобовые (группа),3425116.0,3112200.0,910.0,stat_gov_kz_real_group
2004,Акмолинская область,Зерновые и бобовые (группа),3606012.0,2475394.8000000003,710.0,stat_gov_kz_real_group
2005,Акмолинская область,Зерновые и бобовые (группа),3604292.0,2966748.9000000004,850.0,stat_gov_kz_real_group
2006,Акмолинская область,Зерновые и бобовые (группа),3702435.9,3475908.7,960.0,stat_gov_kz_real_group
2007,Акмолинская область,Зерновые и бобовые (группа),3875187.1,4456147.7,1160.0,stat_gov_kz_real_group
2008,Акмолинская область,Зерновые и бобовые (группа),4131350.1,3011589.6,750.0,stat_gov_kz_real_group
2009,Акмолинская область,Зерновые и бобовые (группа),4542656.4,5067792.5,1120.0,stat_gov_kz_real_group
2010,Акмолинская область,Зерновые и бобовые (группа),4433671.9,2141940.9,520.0,stat_gov_kz_real_group
2011,Акмолинская область,Зерновые и бобовые (группа),4278932.8,6597582.83,1560.0,stat_gov_kz_real_group
2012,Акмолинская область,Зерновые и бобовые (группа),4353709.2,2821989.18,700.0,stat_gov_kz_real_group
2013,Акмолинская область,Зерновые и бобовые (группа),4252009.04,4411681.732,1043.96,stat_gov_kz_real_group
2014,Акмолинская область,Зерновые и бобовые (группа),4173377.76,4502620.2530000005,1100.0,stat_gov_kz_real_group
2015,Акмолинская область,Зерновые и бобовые (группа),4193825.8,4434704.470000001,1080.0,stat_gov_kz_real_group
2016,Акмолинская область,Зерновые и бобовые (группа),4353422.57,5023770.648000001,1160.0,stat_gov_kz_real_group
2017,Акмолинская область,Зерновые и бобовые (группа),4350556.41,4822265.4399999995,1120.0,stat_gov_kz_real_group
2018,Акмолинская область,Зерновые и бобовые (группа),4334225.1,5037421.82,1166.86,stat_gov_kz_real_group
2019,Акмолинская область,Зерновые и бобовые (группа),4447889.9,4192521.44,951.7099999999999,stat_gov_kz_real_group
2020,Акмолинская область,Зерновые и бобовые (группа),4462838.2,5093947.010000001,1160.0,stat_gov_kz_real_group
2021,Акмолинская область,Зерновые и бобовые (группа),4585629.04,3875860.9420000003,869.9999999999999,stat_gov_kz_real_group
2022,Акмолинская область,Зерновые и бобовые (группа),4670645.5,5350226.460000001,1160.0,stat_gov_kz_real_group
2023,Акмолинская область,Зерновые и бобовые (группа),4915073.1,3215532.24,690.0,stat_gov_kz_real_group
2024,Акмолинская область,Зерновые и бобовые (группа),4693012.24,6036081.04,1310.0,stat_gov_kz_real_group
2025,Акмолинская область,Зерновые и бобовые (группа),4680325.36,7174034.220000001,1550.0,stat_gov_kz_real_group
1991,Акмолинская область,Масличные (группа),27800.0,2617.5,180.0,stat_gov_kz_real_group
1992,Акмолинская область,Масличные (группа),69000.0,9129.300000000001,300.0,stat_gov_kz_real_group
1993,Акмолинская область,Масличные (группа),42600.0,3800.6000000000004,229.99999999999997,stat_gov_kz_real_group
1994,Акмолинская область,Масличные (группа),33400.0,4417.900000000001,260.0,stat_gov_kz_real_group
1995,Акмолинская область,Масличные (группа),26500.0,2820.2000000000003,200.0,stat_gov_kz_real_group
1996,Акмолинская область,Масличные (группа),20000.0,1964.1000000000001,,stat_gov_kz_real_group
1997,Акмолинская область,Масличные (группа),6200.0,648.3000000000001,,stat_gov_kz_real_group
1998,Акмолинская область,Масличные (группа),5600.0,577.3000000000001,,stat_gov_kz_real_group
1999,Акмолинская область,Масличные (группа),9000.0,2300.0,260.0,stat_gov_kz_real_group
2000,Акмолинская область,Масличные (группа),15200.0,2508.3,160.0,stat_gov_kz_real_group
2001,Акмолинская область,Масличные (группа),8430.0,999.9000000000001,120.0,stat_gov_kz_real_group
2002,Акмолинская область,Масличные (группа),3600.0,439.0,130.0,stat_gov_kz_real_group
2003,Акмолинская область,Масличные (группа),10070.0,2192.3,250.0,stat_gov_kz_real_group
2004,Акмолинская область,Масличные (группа),17079.0,1944.5900000000001,120.0,stat_gov_kz_real_group
2005,Акмолинская область,Масличные (группа),13029.5,4896.580000000001,490.00000000000006,stat_gov_kz_real_group
2006,Акмолинская область,Масличные (группа),27956.0,8051.1,360.0,stat_gov_kz_real_group
2007,Акмолинская область,Масличные (группа),16901.0,6651.52,400.0,stat_gov_kz_real_group
2008,Акмолинская область,Масличные (группа),28725.5,7301.12,380.0,stat_gov_kz_real_group
2009,Акмолинская область,Масличные (группа),45760.5,13504.5,330.0,stat_gov_kz_real_group
2010,Акмолинская область,Масличные (группа),130456.0,28357.53,260.0,stat_gov_kz_real_group
2011,Акмолинская область,Масличные (группа),177827.2,95237.29000000001,560.0,stat_gov_kz_real_group
2012,Акмолинская область,Масличные (группа),198587.5,71538.22,432.78,stat_gov_kz_real_group
2013,Акмолинская область,Масличные (группа),251526.4,127506.0,617.1800000000001,stat_gov_kz_real_group
2014,Акмолинская область,Масличные (группа),349226.72,143012.084,490.00000000000006,stat_gov_kz_real_group
2015,Акмолинская область,Масличные (группа),245607.6,122750.33000000002,520.0,stat_gov_kz_real_group
2016,Акмолинская область,Масличные (группа),219714.0,173942.05000000002,830.0000000000001,stat_gov_kz_real_group
2017,Акмолинская область,Масличные (группа),276539.81,206082.85,770.0,stat_gov_kz_real_group
2018,Акмолинская область,Масличные (группа),278381.8,217338.87000000002,797.1,stat_gov_kz_real_group
2019,Акмолинская область,Масличные (группа),252971.8,164627.78000000003,674.61,stat_gov_kz_real_group
2020,Акмолинская область,Масличные (группа),213078.16,171967.56000000003,850.0,stat_gov_kz_real_group
2021,Акмолинская область,Масличные (группа),270544.76,141078.43000000002,550.0,stat_gov_kz_real_group
2022,Акмолинская область,Масличные (группа),368811.1,221334.14,620.0,stat_gov_kz_real_group
2023,Акмолинская область,Масличные (группа),197804.2,99024.49,580.0,stat_gov_kz_real_group
2024,Акмолинская область,Масличные (группа),267674.98,284657.88,1110.0,stat_gov_kz_real_group
2025,Акмолинская область,Масличные (группа),498610.24,570954.48,1150.0,stat_gov_kz_real_group
1991,Акмолинская область,Подсолнечник,,1288.8000000000002,190.0,stat_gov_kz_real
1992,Акмолинская область,Подсолнечник,,3852.8,180.0,stat_gov_kz_real
1993,Акмолинская область,Подсолнечник,,3161.0,220.00000000000003,stat_gov_kz_real
1994,Акмолинская область,Подсолнечник,,3752.7000000000003,240.0,stat_gov_kz_real
1995,Акмолинская область,Подсолнечник,,1301.4,210.0,stat_gov_kz_real
1996,Акмолинская область,Подсолнечник,,1907.5,150.0,stat_gov_kz_real
1997,Акмолинская область,Подсолнечник,,648.3000000000001,160.0,stat_gov_kz_real
1998,Акмолинская область,Подсолнечник,,527.3000000000001,100.0,stat_gov_kz_real
1999,Акмолинская область,Подсолнечник,,2111.6,250.0,stat_gov_kz_real
2000,Акмолинская область,Подсолнечник,,1965.1000000000001,160.0,stat_gov_kz_real
2001,Акмолинская область,Подсолнечник,,966.9000000000001,130.0,stat_gov_kz_real
2002,Акмолинская область,Подсолнечник,,381.20000000000005,120.0,stat_gov_kz_real
2003,Акмолинская область,Подсолнечник,,2116.5,300.0,stat_gov_kz_real
2004,Акмолинская область,Подсолнечник,,1323.99,130.0,stat_gov_kz_real
2005,Акмолинская область,Подсолнечник,,2455.38,350.0,stat_gov_kz_real
2006,Акмолинская область,Подсолнечник,,2465.1000000000004,300.0,stat_gov_kz_real
2007,Акмолинская область,Подсолнечник,,1799.18,330.0,stat_gov_kz_real
2008,Акмолинская область,Подсолнечник,,4457.32,350.0,stat_gov_kz_real
2009,Акмолинская область,Подсолнечник,,6566.900000000001,310.0,stat_gov_kz_real
2010,Акмолинская область,Подсолнечник,,9464.07,200.0,stat_gov_kz_real
2011,Акмолинская область,Подсолнечник,,23646.04,320.0,stat_gov_kz_real
2012,Акмолинская область,Подсолнечник,,18449.620000000003,442.12999999999994,stat_gov_kz_real
2013,Акмолинская область,Подсолнечник,,22512.850000000002,424.97999999999996,stat_gov_kz_real
2014,Акмолинская область,Подсолнечник,,17922.98,340.0,stat_gov_kz_real
2015,Акмолинская область,Подсолнечник,,14472.760000000002,520.0,stat_gov_kz_real
2016,Акмолинская область,Подсолнечник,,25505.2,850.0,stat_gov_kz_real
2017,Акмолинская область,Подсолнечник,,53700.5,960.0,stat_gov_kz_real
2018,Акмолинская область,Подсолнечник,,19808.84,681.29,stat_gov_kz_real
2019,Акмолинская область,Подсолнечник,,18548.59,723.58,stat_gov_kz_real
2020,Акмолинская область,Подсолнечник,,18896.9,890.0,stat_gov_kz_real
2021,Акмолинская область,Подсолнечник,,25552.39,620.0,stat_gov_kz_real
2022,Акмолинская область,Подсолнечник,,51581.8,1000.0,stat_gov_kz_real
2023,Акмолинская область,Подсолнечник,,44538.340000000004,780.0,stat_gov_kz_real
2024,Акмолинская область,Подсолнечник,,124104.66000000002,1370.0,stat_gov_kz_real
2025,Акмолинская область,Подсолнечник,,188503.33000000002,1390.0,stat_gov_kz_real
1991,Акмолинская область,Пшеница,,1971900.0000000002,770.0,stat_gov_kz_real
1992,Акмолинская область,Пшеница,,5105500.0,1770.0,stat_gov_kz_real
1993,Акмолинская область,Пшеница,,2779299.9999999995,969.9999999999999,stat_gov_kz_real
1994,Акмолинская область,Пшеница,,1852399.9999999998,590.0,stat_gov_kz_real
1995,Акмолинская область,Пшеница,,1841800.0000000002,600.0,stat_gov_kz_real
1996,Акмолинская область,Пшеница,,2022400.0,710.0,stat_gov_kz_real
1997,Акмолинская область,Пшеница,,1675300.0,560.0,stat_gov_kz_real
1998,Акмолинская область,Пшеница,,903700.0,360.0,stat_gov_kz_real
1999,Акмолинская область,Пшеница,2358.7,3013399.9999999995,1300.0,stat_gov_kz_real
2000,Акмолинская область,Пшеница,2776.6,2119200.0,760.0,stat_gov_kz_real
2001,Акмолинская область,Пшеница,2862.8,3071609.4000000004,1080.0,stat_gov_kz_real
2002,Акмолинская область,Пшеница,3158.0,2750100.000000001,869.9999999999999,stat_gov_kz_real
2003,Акмолинская область,Пшеница,2987.9,2680099.9999999995,900.0,stat_gov_kz_real
2004,Акмолинская область,Пшеница,3192227.0,2215348.2,710.0,stat_gov_kz_real
2005,Акмолинская область,Пшеница,3262823.0,2621909.4000000004,830.0000000000001,stat_gov_kz_real
2006,Акмолинская область,Пшеница,3320589.0,3060113.4600000004,950.0,stat_gov_kz_real
2007,Акмолинская область,Пшеница,3487311.0,3942025.3100000005,1140.0,stat_gov_kz_real
2008,Акмолинская область,Пшеница,3664724.6,2620380.95,740.0,stat_gov_kz_real
2009,Акмолинская область,Пшеница,4074357.4,4413770.5,1090.0,stat_gov_kz_real
2010,Акмолинская область,Пшеница,4080365.1,1968791.0799999998,509.99999999999994,stat_gov_kz_real
2011,Акмолинская область,Пшеница,3960405.6999999997,6052081.5,1550.0,stat_gov_kz_real
2012,Акмолинская область,Пшеница,3935361.4,2552481.67,696.1700000000001,stat_gov_kz_real
2013,Акмолинская область,Пшеница,3796225.72,3786784.2,1003.95,stat_gov_kz_real
2014,Акмолинская область,Пшеница,3663439.34,3936570.078,1090.0,stat_gov_kz_real
2015,Акмолинская область,Пшеница,3660565.4,3872557.4960000003,1080.0,stat_gov_kz_real
2016,Акмолинская область,Пшеница,3855877.33,4261588.8,1110.0,stat_gov_kz_real
2017,Акмолинская область,Пшеница,3719397.8,4006074.6,1090.0,stat_gov_kz_real
2018,Акмолинская область,Пшеница,3598995.3,3994820.0100000002,1111.94,stat_gov_kz_real
2019,Акмолинская область,Пшеница,3621208.7,3293610.2800000003,919.21,stat_gov_kz_real
2020,Акмолинская область,Пшеница,3703927.23,4127631.41,1130.0,stat_gov_kz_real
2021,Акмолинская область,Пшеница,3977882.4,3355029.09,869.9999999999999,stat_gov_kz_real
2022,Акмолинская область,Пшеница,4063703.2,4616325.0,1150.0,stat_gov_kz_real
2023,Акмолинская область,Пшеница,4224030.7,2765113.04,690.0,stat_gov_kz_real
2024,Акмолинская область,Пшеница,4005618.05,4847261.170000001,1240.0,stat_gov_kz_real
2025,Акмолинская область,Пшеница,3884035.8,5918920.08,1540.0,stat_gov_kz_real
2010,Костанайская область,Кукуруза,400.0,800.0,1789.9999999999998,stat_gov_kz_real
2013,Костанайская область,Кукуруза,54.0,100.0,1590.0,stat_gov_kz_real
2014,Костанайская область,Кукуруза,200.1,100.0,380.0,stat_gov_kz_real
2015,Костанайская область,Кукуруза,1.5,0.0,2200.0,stat_gov_kz_real
2016,Костанайская область,Кукуруза,11.6,0.0,590.0,stat_gov_kz_real
2017,Костанайская область,Кукуруза,181.9,200.0,1130.0,stat_gov_kz_real
2018,Костанайская область,Кукуруза,116.3,200.0,1350.0,stat_gov_kz_real
2019,Костанайская область,Кукуруза,2.6,0.0,2210.0,stat_gov_kz_real
2020,Костанайская область,Кукуруза,994.3,2000.0,2070.0,stat_gov_kz_real
2021,Костанайская область,Кукуруза,8730.0,11300.0,1290.0,stat_gov_kz_real
2022,Костанайская область,Кукуруза,11970.0,15000.0,1300.0,stat_gov_kz_real
2023,Костанайская область,Кукуруза,3450.0,4700.0,1370.0,stat_gov_kz_real
2024,Костанайская область,Кукуруза,860.0,2300.0,2730.0,stat_gov_kz_real
2025,Костанайская область,Кукуруза,1160.1,1921.2,1660.0000000000002,stat_gov_kz_real
1991,Костанайская область,Подсолнечник,10600.0,1250.0,120.0,stat_gov_kz_real
1992,Костанайская область,Подсолнечник,20800.0,2790.0,130.0,stat_gov_kz_real
1993,Костанайская область,Подсолнечник,10200.0,1590.0,160.0,stat_gov_kz_real
1994,Костанайская область,Подсолнечник,14300.0,1950.0,140.0,stat_gov_kz_real
1995,Костанайская область,Подсолнечник,16500.0,2350.0,140.0,stat_gov_kz_real
1996,Костанайская область,Подсолнечник,23100.0,2170.0,90.0,stat_gov_kz_real
1997,Костанайская область,Подсолнечник,11600.0,1730.0,160.0,stat_gov_kz_real
1998,Костанайская область,Подсолнечник,5800.0,310.0,60.0,stat_gov_kz_real
1999,Костанайская область,Подсолнечник,5800.0,1610.0,270.0,stat_gov_kz_real
2000,Костанайская область,Подсолнечник,14000.0,2060.0,180.0,stat_gov_kz_real
2001,Костанайская область,Подсолнечник,5900.0,1950.0,330.0,stat_gov_kz_real
2002,Костанайская область,Подсолнечник,5700.0,1710.0000000000002,310.0,stat_gov_kz_real
2003,Костанайская область,Подсолнечник,8300.0,4340.0,520.0,stat_gov_kz_real
2004,Костанайская область,Подсолнечник,11200.0,1290.0,120.0,stat_gov_kz_real
2005,Костанайская область,Подсолнечник,8600.0,4110.0,480.0,stat_gov_kz_real
2006,Костанайская область,Подсолнечник,10300.0,1810.0,190.0,stat_gov_kz_real
2007,Костанайская область,Подсолнечник,3400.0,2460.0,740.0,stat_gov_kz_real
2008,Костанайская область,Подсолнечник,4700.0,2500.0,540.0,stat_gov_kz_real
2009,Костанайская область,Подсолнечник,7700.0,4340.0,560.0,stat_gov_kz_real
2010,Костанайская область,Подсолнечник,31000.0,10559.999999999998,380.0,stat_gov_kz_real
2011,Костанайская область,Подсолнечник,46900.0,30990.0,660.0,stat_gov_kz_real
2012,Костанайская область,Подсолнечник,36805.5,14350.0,441.52,stat_gov_kz_real
2013,Костанайская область,Подсолнечник,88800.0,65630.0,769.11,stat_gov_kz_real
2014,Костанайская область,Подсолнечник,138100.0,91390.0,720.0,stat_gov_kz_real
2015,Костанайская область,Подсолнечник,93700.0,65560.0,722.27,stat_gov_kz_real
2016,Костанайская область,Подсолнечник,79975.91,68127.825,876.4699999999999,stat_gov_kz_real
2017,Костанайская область,Подсолнечник,76300.0,57920.0,790.0,stat_gov_kz_real
2018,Костанайская область,Подсолнечник,58800.0,54870.00000000001,932.59,stat_gov_kz_real
2019,Костанайская область,Подсолнечник,53200.0,30919.999999999996,587.64,stat_gov_kz_real
2020,Костанайская область,Подсолнечник,46300.0,43760.00000000001,960.0,stat_gov_kz_real
2021,Костанайская область,Подсолнечник,83900.0,57440.0,780.0,stat_gov_kz_real
2022,Костанайская область,Подсолнечник,158600.0,152120.0,960.0,stat_gov_kz_real
2023,Костанайская область,Подсолнечник,162425.6,166363.09,1190.0,stat_gov_kz_real
2024,Костанайская область,Подсолнечник,154912.17,222587.77999999997,1460.0,stat_gov_kz_real
2025,Костанайская область,Подсолнечник,264456.9,373961.27,1440.0,stat_gov_kz_real
1990,Костанайская область,Пшеница,2780600.0,3870669.9999999995,1390.0,stat_gov_kz_real
1991,Костанайская область,Пшеница,3392400.0,1312900.0,390.0,stat_gov_kz_real
1992,Костанайская область,Пшеница,3314900.0,4878360.0,1470.0,stat_gov_kz_real
1993,Костанайская область,Пшеница,2936500.0,2276850.0,780.0,stat_gov_kz_real
1994,Костанайская область,Пшеница,2915000.0,2635870.0,900.0,stat_gov_kz_real
1995,Костанайская область,Пшеница,2967800.0,1243250.0,420.0,stat_gov_kz_real
1996,Костанайская область,Пшеница,2895300.0,1873550.0,650.0,stat_gov_kz_real
1997,Костанайская область,Пшеница,2714800.0,2563700.0,980.0000000000001,stat_gov_kz_real
1998,Костанайская область,Пшеница,2522900.0,874300.0,400.0,stat_gov_kz_real
1999,Костанайская область,Пшеница,2178100.0,3299450.0,1510.0,stat_gov_kz_real
2000,Костанайская область,Пшеница,2504900.0,2694390.0000000005,1060.0,stat_gov_kz_real
2001,Костанайская область,Пшеница,2638600.0,3112390.0000000005,1180.0,stat_gov_kz_real
2002,Костанайская область,Пшеница,2735200.0,3217279.9999999995,1180.0,stat_gov_kz_real
2003,Костанайская область,Пшеница,2717700.0,3026180.0,1110.0,stat_gov_kz_real
2004,Костанайская область,Пшеница,2786200.0,2217859.9999999995,800.0,stat_gov_kz_real
2005,Костанайская область,Пшеница,3149800.0,3256560.0,1040.0,stat_gov_kz_real
2006,Костанайская область,Пшеница,3307100.0,4320219.999999999,1330.0,stat_gov_kz_real
2007,Костанайская область,Пшеница,3671800.0,5442680.0,1490.0,stat_gov_kz_real
2008,Костанайская область,Пшеница,3844600.0,4415620.0,1150.0,stat_gov_kz_real
2009,Костанайская область,Пшеница,4210800.0,4626430.0,1100.0,stat_gov_kz_real
2010,Костанайская область,Пшеница,4023400.0,2858920.0,730.0,stat_gov_kz_real
2011,Костанайская область,Пшеница,4018100.0,7341280.000000001,1830.0,stat_gov_kz_real
2012,Костанайская область,Пшеница,3950500.0,2246130.0,613.33,stat_gov_kz_real
2013,Костанайская область,Пшеница,4014400.0,3844880.0,959.61,stat_gov_kz_real
2014,Костанайская область,Пшеница,3747400.0,3616669.9999999995,986.88,stat_gov_kz_real
2015,Костанайская область,Пшеница,3579700.0,4061280.0,1135.76,stat_gov_kz_real
2016,Костанайская область,Пшеница,3810410.0,3991262.9299999997,1048.81,stat_gov_kz_real
2017,Костанайская область,Пшеница,3704900.0,4193760.0,1130.0,stat_gov_kz_real
2018,Костанайская область,Пшеница,3464000.0,3923590.0,1130.0,stat_gov_kz_real
2019,Костанайская область,Пшеница,3264600.0,2330630.0,727.13,stat_gov_kz_real
2020,Костанайская область,Пшеница,3436600.0,3454980.0000000005,1019.9999999999999,stat_gov_kz_real
2021,Костанайская область,Пшеница,3643300.0,2587340.0,720.0,stat_gov_kz_real
2022,Костанайская область,Пшеница,3527200.0,4809230.000000001,1370.0,stat_gov_kz_real
2023,Костанайская область,Пшеница,3806265.4,3800168.4700000007,1050.0,stat_gov_kz_real
2024,Костанайская область,Пшеница,3675603.65,4755500.0,1300.0,stat_gov_kz_real
2025,Костанайская область,Пшеница,3398930.55,5400666.24,1600.0,stat_gov_kz_real
1990,Костанайская область,Ячмень,835199.9999999999,1470300.0,1760.0000000000002,stat_gov_kz_real
1991,Костанайская область,Ячмень,891199.9999999999,331100.0,370.0,stat_gov_kz_real
1992,Костанайская область,Ячмень,775800.0,1428600.0,1839.9999999999998,stat_gov_kz_real
1993,Костанайская область,Ячмень,1183399.9999999998,1123300.0,950.0,stat_gov_kz_real
1994,Костанайская область,Ячмень,943799.9999999999,1151300.0,1220.0,stat_gov_kz_real
1995,Костанайская область,Ячмень,733800.0000000001,257899.99999999997,350.0,stat_gov_kz_real
1996,Костанайская область,Ячмень,546500.0,542000.0,990.0,stat_gov_kz_real
1997,Костанайская область,Ячмень,565100.0,556100.0,1040.0,stat_gov_kz_real
1998,Костанайская область,Ячмень,331800.0,102600.0,390.0,stat_gov_kz_real
1999,Костанайская область,Ячмень,244800.0,315900.0,1340.0,stat_gov_kz_real
2000,Костанайская область,Ячмень,220600.0,155200.0,800.0,stat_gov_kz_real
2001,Костанайская область,Ячмень,188600.00000000003,249300.0,1320.0,stat_gov_kz_real
2002,Костанайская область,Ячмень,150100.0,162200.0,1090.0,stat_gov_kz_real
2003,Костанайская область,Ячмень,174300.0,199100.0,1140.0,stat_gov_kz_real
2004,Костанайская область,Ячмень,174800.0,117410.0,680.0,stat_gov_kz_real
2005,Костанайская область,Ячмень,175000.0,197500.0,1140.0,stat_gov_kz_real
2006,Костанайская область,Ячмень,215800.0,297300.0,1390.0,stat_gov_kz_real
2007,Костанайская область,Ячмень,203699.99999999997,335220.0,1660.0000000000002,stat_gov_kz_real
2008,Костанайская область,Ячмень,241000.00000000003,289200.0,1200.0,stat_gov_kz_real
2009,Костанайская область,Ячмень,181500.00000000003,210400.0,1170.0,stat_gov_kz_real
2010,Костанайская область,Ячмень,155500.0,122400.0,830.0000000000001,stat_gov_kz_real
2011,Костанайская область,Ячмень,180800.0,386600.0,2138.6299999999997,stat_gov_kz_real
2012,Костанайская область,Ячмень,253222.46,139400.0,590.0,stat_gov_kz_real
2013,Костанайская область,Ячмень,252493.7,306800.0,1220.0,stat_gov_kz_real
2014,Костанайская область,Ячмень,256055.7,282800.0,1140.0,stat_gov_kz_real
2015,Костанайская область,Ячмень,316058.9,371100.0,1180.0,stat_gov_kz_real
2016,Костанайская область,Ячмень,262828.4,388100.0,1480.0,stat_gov_kz_real
2017,Костанайская область,Ячмень,322300.0,468000.0,1470.0,stat_gov_kz_real
2018,Костанайская область,Ячмень,422347.7,578800.0,1380.0,stat_gov_kz_real
2019,Костанайская область,Ячмень,528426.2,438900.0,840.0,stat_gov_kz_real
2020,Костанайская область,Ячмень,457952.24,437400.0,969.9999999999999,stat_gov_kz_real
2021,Костанайская область,Ячмень,302586.87,162400.0,580.0,stat_gov_kz_real
2022,Костанайская область,Ячмень,281982.21,421800.0,1500.0,stat_gov_kz_real
2023,Костанайская область,Ячмень,383054.8,427100.0,1210.0,stat_gov_kz_real
2024,Костанайская область,Ячмень,378595.6,577900.0,1550.0,stat_gov_kz_real
2025,Костанайская область,Ячмень,399000.0,596761.3,1550.0,stat_gov_kz_real
1991,Северо-Казахстанская область,Кукуруза,200.0,166.0,830.0000000000001,stat_gov_kz_real
2005,Северо-Казахстанская область,Кукуруза,500.0,,1630.0,stat_gov_kz_real
2007,Северо-Казахстанская область,Кукуруза,1740.0,,1510.0,stat_gov_kz_real
2008,Северо-Казахстанская область,Кукуруза,1442.0,,1780.0,stat_gov_kz_real
2009,Северо-Казахстанская область,Кукуруза,485.0,285.2,,stat_gov_kz_real
2018,Северо-Казахстанская область,Кукуруза,145.0,306.0,,stat_gov_kz_real
2019,Северо-Казахстанская область,Кукуруза,1733.0,2291.2000000000003,,stat_gov_kz_real
2020,Северо-Казахстанская область,Кукуруза,1278.0,956.4700000000001,,stat_gov_kz_real
2021,Северо-Казахстанская область,Кукуруза,5188.0,9505.92,,stat_gov_kz_real
2022,Северо-Казахстанская область,Кукуруза,4977.5,9289.68,,stat_gov_kz_real
2023,Северо-Казахстанская область,Кукуруза,4487.0,4683.075,1040.0,stat_gov_kz_real
2024,Северо-Казахстанская область,Кукуруза,1641.0,4220.38,3000.0,stat_gov_kz_real
2025,Северо-Казахстанская область,Кукуруза,3472.0,14164.300000000001,4079.9999999999995,stat_gov_kz_real
1990,Северо-Казахстанская область,Подсолнечник,815.0,480.40000000000003,720.0,stat_gov_kz_real
1991,Северо-Казахстанская область,Подсолнечник,16923.0,2488.3,330.0,stat_gov_kz_real
1992,Северо-Казахстанская область,Подсолнечник,32748.0,5563.900000000001,300.0,stat_gov_kz_real
1993,Северо-Казахстанская область,Подсолнечник,23676.0,2887.4,210.0,stat_gov_kz_real
1994,Северо-Казахстанская область,Подсолнечник,21061.0,2134.6,200.0,stat_gov_kz_real
1995,Северо-Казахстанская область,Подсолнечник,11508.0,825.7,150.0,stat_gov_kz_real
1996,Северо-Казахстанская область,Подсолнечник,7946.0,1268.5,220.00000000000003,stat_gov_kz_real
1997,Северо-Казахстанская область,Подсолнечник,2418.0,268.40000000000003,160.0,stat_gov_kz_real
1998,Северо-Казахстанская область,Подсолнечник,3001.0,245.3,150.0,stat_gov_kz_real
1999,Северо-Казахстанская область,Подсолнечник,4867.0,1113.0,280.0,stat_gov_kz_real
2000,Северо-Казахстанская область,Подсолнечник,3426.0,778.1,250.0,stat_gov_kz_real
2001,Северо-Казахстанская область,Подсолнечник,1976.0,499.1,280.0,stat_gov_kz_real
2002,Северо-Казахстанская область,Подсолнечник,1409.0,350.6,250.0,stat_gov_kz_real
2003,Северо-Казахстанская область,Подсолнечник,20672.0,3928.3,190.0,stat_gov_kz_real
2004,Северо-Казахстанская область,Подсолнечник,4548.0,2259.7000000000003,520.0,stat_gov_kz_real
2005,Северо-Казахстанская область,Подсолнечник,13650.0,9831.2,830.0000000000001,stat_gov_kz_real
2006,Северо-Казахстанская область,Подсолнечник,22777.0,8844.7,400.0,stat_gov_kz_real
2007,Северо-Казахстанская область,Подсолнечник,4704.0,2896.4,620.0,stat_gov_kz_real
2008,Северо-Казахстанская область,Подсолнечник,13727.0,6815.450000000001,560.0,stat_gov_kz_real
2009,Северо-Казахстанская область,Подсолнечник,38471.0,14373.25,370.0,stat_gov_kz_real
2010,Северо-Казахстанская область,Подсолнечник,53519.0,17124.579999999998,320.0,stat_gov_kz_real
2011,Северо-Казахстанская область,Подсолнечник,30015.0,20976.7,750.0,stat_gov_kz_real
2012,Северо-Казахстанская область,Подсолнечник,22883.0,20972.5,919.9999999999999,stat_gov_kz_real
2013,Северо-Казахстанская область,Подсолнечник,35765.0,36777.6,1030.0,stat_gov_kz_real
2014,Северо-Казахстанская область,Подсолнечник,44903.0,30175.5,770.0,stat_gov_kz_real
2015,Северо-Казахстанская область,Подсолнечник,31880.0,28337.674,890.0,stat_gov_kz_real
2016,Северо-Казахстанская область,Подсолнечник,47740.0,47675.350000000006,1100.0,stat_gov_kz_real
2017,Северо-Казахстанская область,Подсолнечник,71306.0,98593.0,1390.0,stat_gov_kz_real
2018,Северо-Казахстанская область,Подсолнечник,68619.0,73981.90000000001,1100.0,stat_gov_kz_real
2019,Северо-Казахстанская область,Подсолнечник,33562.0,32737.940000000002,980.0000000000001,stat_gov_kz_real
2020,Северо-Казахстанская область,Подсолнечник,22205.0,26028.100000000002,1170.0,stat_gov_kz_real
2021,Северо-Казахстанская область,Подсолнечник,62090.0,69730.03000000001,1130.0,stat_gov_kz_real
2022,Северо-Казахстанская область,Подсолнечник,118650.14,152624.37,1290.0,stat_gov_kz_real
2023,Северо-Казахстанская область,Подсолнечник,131496.62,127934.42,1010.0,stat_gov_kz_real
2024,Северо-Казахстанская область,Подсолнечник,113584.12,181384.39,1730.0,stat_gov_kz_real
2025,Северо-Казахстанская область,Подсолнечник,180283.0,298277.44,1660.0000000000002,stat_gov_kz_real
1990,Северо-Казахстанская область,Пшеница,2169623.0,2696680.8000000003,1242.9259829933587,stat_gov_kz_real
1991,Северо-Казахстанская область,Пшеница,2006931.0,1084890.3,520.0,stat_gov_kz_real
1992,Северо-Казахстанская область,Пшеница,1978314.0,3112765.4000000004,1530.0,stat_gov_kz_real
1993,Северо-Казахстанская область,Пшеница,1786446.0,1971210.8,1080.0,stat_gov_kz_real
1994,Северо-Казахстанская область,Пшеница,1966436.0,1782048.0,900.0,stat_gov_kz_real
1995,Северо-Казахстанская область,Пшеница,2017798.0,1557276.3,771.7701672813631,stat_gov_kz_real
1996,Северо-Казахстанская область,Пшеница,2169768.0,1938323.2000000002,880.0000000000001,stat_gov_kz_real
1997,Северо-Казахстанская область,Пшеница,2118708.0,2358952.6,1150.0,stat_gov_kz_real
1998,Северо-Казахстанская область,Пшеница,2061851.0,1393129.3,675.6692408908307,stat_gov_kz_real
1999,Северо-Казахстанская область,Пшеница,2088627.0,2805883.5,1380.0,stat_gov_kz_real
2000,Северо-Казахстанская область,Пшеница,2292023.0,1987169.7000000002,866.9937867115644,stat_gov_kz_real
2001,Северо-Казахстанская область,Пшеница,2525159.0,3493063.0,1390.0,stat_gov_kz_real
2002,Северо-Казахстанская область,Пшеница,2537203.0,2738521.0700000003,1079.3464574967,stat_gov_kz_real
2003,Северо-Казахстанская область,Пшеница,2417102.0,2376894.97,983.3656047614044,stat_gov_kz_real
2004,Северо-Казахстанская область,Пшеница,2602849.0,2429448.75,940.0,stat_gov_kz_real
2005,Северо-Казахстанская область,Пшеница,2756391.0,3012838.33,1100.0,stat_gov_kz_real
2006,Северо-Казахстанская область,Пшеница,2751295.0,3943950.5,1440.0,stat_gov_kz_real
2007,Северо-Казахстанская область,Пшеница,2854299.0,,1500.0,stat_gov_kz_real
2008,Северо-Казахстанская область,Пшеница,3086012.0,3721778.9000000004,1220.0,stat_gov_kz_real
2009,Северо-Казахстанская область,Пшеница,3373706.7,4836513.2,1440.0,stat_gov_kz_real
2010,Северо-Казахстанская область,Пшеница,3233436.0,3081172.3000000003,960.0,stat_gov_kz_real
2011,Северо-Казахстанская область,Пшеница,3155179.5,6574576.68,2090.0,stat_gov_kz_real
2012,Северо-Казахстанская область,Пшеница,3107450.7,3505798.78,1150.0,stat_gov_kz_real
2013,Северо-Казахстанская область,Пшеница,2943905.3,3635040.63,1240.0,stat_gov_kz_real
2014,Северо-Казахстанская область,Пшеница,2616412.6,3445379.5250000004,1380.0,stat_gov_kz_real
2015,Северо-Казахстанская область,Пшеница,2328706.12,3595840.033,1550.0,stat_gov_kz_real
2016,Северо-Казахстанская область,Пшеница,2466442.8,3654086.69,1481.5209539827968,stat_gov_kz_real
2017,Северо-Казахстанская область,Пшеница,2202656.9,3674764.8000000003,1668.332821148859,stat_gov_kz_real
2018,Северо-Казахстанская область,Пшеница,1949573.7,2988271.91,1540.0,stat_gov_kz_real
2019,Северо-Казахстанская область,Пшеница,2021132.0,2874289.41,1422.1185998737342,stat_gov_kz_real
2020,Северо-Казахстанская область,Пшеница,2295883.38,3299829.5600000005,1437.2809998737828,stat_gov_kz_real
2021,Северо-Казахстанская область,Пшеница,2440383.99,2802598.154,1148.4250697776458,stat_gov_kz_real
2022,Северо-Казахстанская область,Пшеница,2426051.2,3546616.2200000007,1460.0,stat_gov_kz_real
2023,Северо-Казахстанская область,Пшеница,2605492.6,2931452.4450000003,1138.3100000000002,stat_gov_kz_real
2024,Северо-Казахстанская область,Пшеница,2540513.91,4726227.15,1860.0000000000002,stat_gov_kz_real
2025,Северо-Казахстанская область,Пшеница,2134906.6,4408672.94,2070.0,stat_gov_kz_real
1990,Северо-Казахстанская область,Ячмень,916825.0,1744830.6,1939.9999999999998,stat_gov_kz_real
1991,Северо-Казахстанская область,Ячмень,983460.0,641702.5,650.0,stat_gov_kz_real
1992,Северо-Казахстанская область,Ячмень,970754.0,2172613.1,2240.0,stat_gov_kz_real
1993,Северо-Казахстанская область,Ячмень,1134555.0,1303984.0,1150.0,stat_gov_kz_real
1994,Северо-Казахстанская область,Ячмень,984694.0,1396687.4000000001,1420.0,stat_gov_kz_real
1995,Северо-Казахстанская область,Ячмень,910962.0,666347.5,710.0,stat_gov_kz_real
1996,Северо-Казахстанская область,Ячмень,770430.0,924907.3,1180.0,stat_gov_kz_real
1997,Северо-Казахстанская область,Ячмень,771696.0,810088.6000000001,1140.0,stat_gov_kz_real
1998,Северо-Казахстанская область,Ячмень,625220.0,391855.80000000005,650.0,stat_gov_kz_real
1999,Северо-Казахстанская область,Ячмень,557977.0,840032.8,1550.0,stat_gov_kz_real
2000,Северо-Казахстанская область,Ячмень,472708.0,519236.80000000005,1100.0,stat_gov_kz_real
2001,Северо-Казахстанская область,Ячмень,465292.0,725513.2000000001,1570.0,stat_gov_kz_real
2002,Северо-Казахстанская область,Ячмень,435341.0,609948.36,1400.0,stat_gov_kz_real
2003,Северо-Казахстанская область,Ячмень,546916.0,621528.41,1160.0,stat_gov_kz_real
2004,Северо-Казахстанская область,Ячмень,356652.0,307756.46,869.9999999999999,stat_gov_kz_real
2005,Северо-Казахстанская область,Ячмень,315315.0,397902.39,1270.0,stat_gov_kz_real
2006,Северо-Казахстанская область,Ячмень,384554.0,592181.11,1550.0,stat_gov_kz_real
2007,Северо-Казахстанская область,Ячмень,411831.0,658525.79,1620.0,stat_gov_kz_real
2008,Северо-Казахстанская область,Ячмень,536986.4,729304.04,1390.0,stat_gov_kz_real
2009,Северо-Казахстанская область,Ячмень,410782.0,652166.2000000001,1590.0,stat_gov_kz_real
2010,Северо-Казахстанская область,Ячмень,435636.0,450767.7,1060.0,stat_gov_kz_real
2011,Северо-Казахстанская область,Ячмень,436948.1,886120.9800000001,2039.9999999999998,stat_gov_kz_real
2012,Северо-Казахстанская область,Ячмень,418332.9,468493.70999999996,1150.0,stat_gov_kz_real
2013,Северо-Казахстанская область,Ячмень,372991.0,558299.77,1510.0,stat_gov_kz_real
2014,Северо-Казахстанская область,Ячмень,435582.6,749369.0580000001,1820.0,stat_gov_kz_real
2015,Северо-Казахстанская область,Ячмень,454970.33999999997,725790.986,1600.0,stat_gov_kz_real
2016,Северо-Казахстанская область,Ячмень,418489.4,790714.0,1889.9999999999998,stat_gov_kz_real
2017,Северо-Казахстанская область,Ячмень,434106.4,806800.87,1860.0000000000002,stat_gov_kz_real
2018,Северо-Казахстанская область,Ячмень,545663.7,954307.16,1750.0,stat_gov_kz_real
2019,Северо-Казахстанская область,Ячмень,665523.5,1003251.4,1510.0,stat_gov_kz_real
2020,Северо-Казахстанская область,Ячмень,525547.0,728760.8,1420.0,stat_gov_kz_real
2021,Северо-Казахстанская область,Ячмень,387619.0,446538.52,1180.0,stat_gov_kz_real
2022,Северо-Казахстанская область,Ячмень,402466.29,645533.92,1610.0000000000002,stat_gov_kz_real
2023,Северо-Казахстанская область,Ячмень,508642.02,550162.454,1123.34,stat_gov_kz_real
2024,Северо-Казахстанская область,Ячмень,456635.0,840749.57,1860.0000000000002,stat_gov_kz_real
2025,Северо-Казахстанская область,Ячмень,424392.4,898033.79,2120.0,stat_gov_kz_real
