year,region,crop,district,area_ha,production_ton,yield_kgha,source,price_week_date_from,price_week_date_to,usd_kzt_rate,domestic_usd_per_t,export_usd_per_t,notional_revenue_domestic_usd,notional_revenue_export_usd,export_uplift_usd
2025,Акмолинская область,Зерновые и бобовые (группа),Аккольский,155440.3,241174.03,1560.0,stat_gov_kz_real_group,,,,,,,,
2025,Акмолинская область,Масличные (группа),Аккольский,12178.0,13723.870000000004,1130.0,stat_gov_kz_real_group,,,,,,,,
2025,Акмолинская область,Подсолнечник,Аккольский,,6322.200000000001,1190.0,stat_gov_kz_real,,,,,,,,
2025,Акмолинская область,Пшеница,Аккольский,133984.13,208166.5,1550.0,stat_gov_kz_real,2026-08-31,2026-09-06,456.56,205.26170867856518,261.0,42728611.47963654,54331456.5,11602845.020363458
2025,Акмолинская область,Зерновые и бобовые (группа),Аршалынский,199646.25,262302.72000000003,1330.0,stat_gov_kz_real_group,,,,,,,,
2025,Акмолинская область,Масличные (группа),Аршалынский,18489.0,16507.38,890.0,stat_gov_kz_real_group,,,,,,,,
2025,Акмолинская область,Подсолнечник,Аршалынский,,1846.1,940.0,stat_gov_kz_real,,,,,,,,
2025,Акмолинская область,Пшеница,Аршалынский,168623.25,223013.44,1340.0,stat_gov_kz_real,2026-08-31,2026-09-06,456.56,205.26170867856518,261.0,45776119.752684675,58206507.84,12430388.087315328
2025,Акмолинская область,Зерновые и бобовые (группа),Астраханский,368543.5,539564.3,1470.0,stat_gov_kz_real_group,,,,,,,,
2025,Акмолинская область,Масличные (группа),Астраханский,17315.7,30249.740000000005,1750.0,stat_gov_kz_real_group,,,,,,,,
2025,Акмолинская область,Подсолнечник,Астраханский,,27604.92,1810.0,stat_gov_kz_real,,,,,,,,
2025,Акмолинская область,Пшеница,Астраханский,330955.5,478478.6,1450.0,stat_gov_kz_real,2026-08-31,2026-09-06,456.56,205.26170867856518,261.0,98213335.00212772,124882914.6,26669579.597872272
2025,Акмолинская область,Зерновые и бобовые (группа),Атбасарский,408080.6,619714.33,1580.0,stat_gov_kz_real_group,,,,,,,,
2025,Акмолинская область,Масличные (группа),Атбасарский,36656.0,30254.45,850.0,stat_gov_kz_real_group,,,,,,,,
2025,Акмолинская область,Подсолнечник,Атбасарский,,11578.24,740.0,stat_gov_kz_real,,,,,,,,
2025,Акмолинская область,Пшеница,Атбасарский,313601.7,478752.9,1580.0,stat_gov_kz_real,2026-08-31,2026-09-06,456.56,205.26170867856518,261.0,98269638.28881826,124954506.9,26684868.61118175
2025,Акмолинская область,Зерновые и бобовые (группа),Биржан сал,150608.2,263788.57,1750.0,stat_gov_kz_real_group,,,,,,,,
2025,Акмолинская область,Масличные (группа),Биржан сал,,29320.15,1140.0,stat_gov_kz_real_group,,,,,,,,
2025,Акмолинская область,Подсолнечник,Биржан сал,,5587.87,1650.0,stat_gov_kz_real,,,,,,,,
2025,Акмолинская область,Пшеница,Биржан сал,126822.2,223051.27,1760.0000000000002,stat_gov_kz_real,2026-08-31,2026-09-06,456.56,205.26170867856518,261.0,45783884.80312398,58216381.47,12432496.666876018
2025,Акмолинская область,Зерновые и бобовые (группа),Буландынский,202921.2,477134.43,2350.0,stat_gov_kz_real_group,,,,,,,,
2025,Акмолинская область,Масличные (группа),Буландынский,44462.6,86587.98000000001,1950.0,stat_gov_kz_real_group,,,,,,,,
2025,Акмолинская область,Подсолнечник,Буландынский,,35183.270000000004,2590.0,stat_gov_kz_real,,,,,,,,
2025,Акмолинская область,Пшеница,Буландынский,163904.4,382702.23,2330.0,stat_gov_kz_real,2026-08-31,2026-09-06,456.56,205.26170867856518,261.0,78554113.64489725,99885282.03,21331168.38510275
2025,Акмолинская область,Зерновые и бобовые (группа),Бурабайский,125179.48,275685.67000000004,2200.0,stat_gov_kz_real_group,,,,,,,,
2025,Акмолинская область,Масличные (группа),Бурабайский,37610.0,55536.77,1480.0,stat_gov_kz_real_group,,,,,,,,
2025,Акмолинская область,Подсолнечник,Бурабайский,,16159.8,1710.0000000000002,stat_gov_kz_real,,,,,,,,
2025,Акмолинская область,Пшеница,Бурабайский,77986.08,177709.19,2280.0,stat_gov_kz_real,2026-08-31,2026-09-06,456.56,205.26170867856518,261.0,36476891.98728379,46382098.59,9905206.602716215
2025,Акмолинская область,Зерновые и бобовые (группа),Егиндыкольский,309213.6,371313.03,1220.0,stat_gov_kz_real_group,,,,,,,,
2025,Акмолинская область,Масличные (группа),Егиндыкольский,9077.0,5823.0,640.0,stat_gov_kz_real_group,,,,,,,,
2025,Акмолинская область,Подсолнечник,Егиндыкольский,,2250.0,900.0,stat_gov_kz_real,,,,,,,,
2025,Акмолинская область,Пшеница,Егиндыкольский,300459.1,359612.45,1220.0,stat_gov_kz_real,2026-08-31,2026-09-06,456.56,205.26170867856518,261.0,73814665.94908509,93858849.45,20044183.500914916
2025,Акмолинская область,Масличные (группа),Енбекшильдерский,25823.5,,,stat_gov_kz_real_group,,,,,,,,
2025,Акмолинская область,Зерновые и бобовые (группа),Ерейментауский,80920.6,111489.16000000002,1380.0,stat_gov_kz_real_group,,,,,,,,
2025,Акмолинская область,Масличные (группа),Ерейментауский,12068.0,11392.55,940.0,stat_gov_kz_real_group,,,,,,,,
2025,Акмолинская область,Подсолнечник,Ерейментауский,,2782.42,780.0,stat_gov_kz_real,,,,,,,,
2025,Акмолинская область,Пшеница,Ерейментауский,63670.6,89586.41,1410.0,stat_gov_kz_real,2026-08-31,2026-09-06,456.56,205.26170867856518,261.0,18388659.5909785,23382053.01,4993393.419021502
2025,Акмолинская область,Зерновые и бобовые (группа),Есильский,430825.7,573654.9,1340.0,stat_gov_kz_real_group,,,,,,,,
2025,Акмолинская область,Масличные (группа),Есильский,45788.2,37102.77,810.0,stat_gov_kz_real_group,,,,,,,,
2025,Акмолинская область,Подсолнечник,Есильский,,17440.120000000003,1060.0,stat_gov_kz_real,,,,,,,,
2025,Акмолинская область,Пшеница,Есильский,367682.7,481270.67,1310.0,stat_gov_kz_real,2026-08-31,2026-09-06,456.56,205.26170867856518,261.0,98786440.06107788,125611644.86999999,26825204.808922112
2025,Акмолинская область,Зерновые и бобовые (группа),Жаксынский,470763.3,731916.43,1570.0,stat_gov_kz_real_group,,,,,,,,
2025,Акмолинская область,Масличные (группа),Жаксынский,13930.6,14609.160000000002,1050.0,stat_gov_kz_real_group,,,,,,,,
2025,Акмолинская область,Подсолнечник,Жаксынский,,6764.200000000001,1410.0,stat_gov_kz_real,,,,,,,,
2025,Акмолинская область,Пшеница,Жаксынский,422793.7,653855.38,1560.0,stat_gov_kz_real,2026-08-31,2026-09-06,456.56,205.26170867856518,261.0,134211472.52747254,170656254.18,36444781.65252747
2025,Акмолинская область,Зерновые и бобовые (группа),Жаркаинский,670308.8,755500.46,1140.0,stat_gov_kz_real_group,,,,,,,,
2025,Акмолинская область,Масличные (группа),Жаркаинский,13581.8,8481.130000000001,650.0,stat_gov_kz_real_group,,,,,,,,
2025,Акмолинская область,Подсолнечник,Жаркаинский,,696.0,580.0,stat_gov_kz_real,,,,,,,,
2025,Акмолинская область,Пшеница,Жаркаинский,576274.4,645603.93,1130.0,stat_gov_kz_real,2026-08-31,2026-09-06,456.56,205.26170867856518,261.0,132517765.8013968,168502625.73000002,35984859.92860322
2025,Акмолинская область,Зерновые и бобовые (группа),Зерендинский,217624.74,456641.5500000001,2100.0,stat_gov_kz_real_group,,,,,,,,
2025,Акмолинская область,Масличные (группа),Зерендинский,87575.22,95936.54,1110.0,stat_gov_kz_real_group,,,,,,,,
2025,Акмолинская область,Подсолнечник,Зерендинский,,17979.18,1560.0,stat_gov_kz_real,,,,,,,,
2025,Акмолинская область,Пшеница,Зерендинский,133069.74,300839.2,2260.0,stat_gov_kz_real,2026-08-31,2026-09-06,456.56,205.26170867856518,261.0,61750768.22949261,78519031.2,16768262.97050739
2025,Акмолинская область,Зерновые и бобовые (группа),Коргалжынский,155494.5,179428.87,1200.0,stat_gov_kz_real_group,,,,,,,,
2025,Акмолинская область,Масличные (группа),Коргалжынский,8609.0,5740.900000000001,670.0,stat_gov_kz_real_group,,,,,,,,
2025,Акмолинская область,Подсолнечник,Коргалжынский,,1788.6,700.0,stat_gov_kz_real,,,,,,,,
2025,Акмолинская область,Пшеница,Коргалжынский,140886.5,166604.7,1230.0,stat_gov_kz_real,2026-08-31,2026-09-06,456.56,205.26170867856518,261.0,34197565.39587975,43483826.7,9286261.30412025
2025,Акмолинская область,Зерновые и бобовые (группа),Сандыктауский,313239.8,694524.0800000001,2220.0,stat_gov_kz_real_group,,,,,,,,
2025,Акмолинская область,Масличные (группа),Сандыктауский,42953.3,65650.8,1570.0,stat_gov_kz_real_group,,,,,,,,
2025,Акмолинская область,Подсолнечник,Сандыктауский,,14687.21,1960.0,stat_gov_kz_real,,,,,,,,
2025,Акмолинская область,Пшеница,Сандыктауский,232465.7,550039.9,2370.0,stat_gov_kz_real,2026-08-31,2026-09-06,456.56,205.26170867856518,261.0,112902129.71538714,143560413.9,30658284.18461287
2025,Акмолинская область,Зерновые и бобовые (группа),Целиноградский,212061.0,276358.53,1330.0,stat_gov_kz_real_group,,,,,,,,
2025,Акмолинская область,Масличные (группа),Целиноградский,27748.0,20048.210000000003,730.0,stat_gov_kz_real_group,,,,,,,,
2025,Акмолинская область,Подсолнечник,Целиноградский,,8375.1,690.0,stat_gov_kz_real,,,,,,,,
2025,Акмолинская область,Пшеница,Целиноградский,161697.6,217705.59,1380.0,stat_gov_kz_real,2026-08-31,2026-09-06,456.56,205.26170867856518,261.0,44686621.392275155,56821158.99,12134537.597724847
2025,Акмолинская область,Зерновые и бобовые (группа),Шортандинский,199450.79,327102.57000000007,1639.9999999999998,stat_gov_kz_real_group,,,,,,,,
2025,Акмолинская область,Масличные (группа),Шортандинский,39625.52,38735.11,980.0,stat_gov_kz_real_group,,,,,,,,
2025,Акмолинская область,Подсолнечник,Шортандинский,,10758.1,1270.0,stat_gov_kz_real,,,,,,,,
2025,Акмолинская область,Пшеница,Шортандинский,162210.5,270069.9,1670.0,stat_gov_kz_real,2026-08-31,2026-09-06,456.56,205.26170867856518,261.0,55435009.136649236,70488243.9,15053234.76335077
2025,Акмолинская область,Зерновые и бобовые (группа),г.а Косшы,,4.82,690.0,stat_gov_kz_real_group,,,,,,,,
2025,Акмолинская область,Зерновые и бобовые (группа),г.а. Кокшетау,2682.0,3356.880000000001,1290.0,stat_gov_kz_real_group,,,,,,,,
2025,Акмолинская область,Масличные (группа),г.а. Кокшетау,2768.8,2934.5400000000004,1120.0,stat_gov_kz_real_group,,,,,,,,
2025,Акмолинская область,Пшеница,г.а. Кокшетау,1745.0,2324.35,1330.0,stat_gov_kz_real,2026-08-31,2026-09-06,456.56,205.26170867856518,261.0,477100.05256702297,606655.35,129555.29743297701
2025,Акмолинская область,Зерновые и бобовые (группа),г.а. Степногорск,7268.0,13378.88,1840.0,stat_gov_kz_real_group,,,,,,,,
2025,Акмолинская область,Масличные (группа),г.а. Степногорск,2350.0,2319.43,990.0,stat_gov_kz_real_group,,,,,,,,
2025,Акмолинская область,Подсолнечник,г.а. Степногорск,,700.0,1000.0,stat_gov_kz_real,,,,,,,,
2025,Акмолинская область,Пшеница,г.а. Степногорск,5203.0,9533.46,1830.0,stat_gov_kz_real,2026-08-31,2026-09-06,456.56,205.26170867856518,261.0,1956854.2892187538,2488233.0599999996,531378.7707812458
2025,Акмолинская область,Зерновые и бобовые (группа),г.а.Косшы,53.0,,,stat_gov_kz_real_group,,,,,,,,
2025,Костанайская область,Подсолнечник,Алтынсаринский,19436.0,22427.500000000004,1150.0,stat_gov_kz_real,,,,,,,,
2025,Костанайская область,Пшеница,Алтынсаринский,116671.2,188860.77,1620.0,stat_gov_kz_real,2026-08-31,2026-09-06,456.56,205.26170867856518,261.0,38765884.3525495,49292660.97,10526776.617450498
2025,Костанайская область,Ячмень,Алтынсаринский,17400.0,18515.63,1750.0,stat_gov_kz_real,2026-08-31,2026-09-06,456.56,136.89328894340284,190.0,2534665.487559138,3517969.7,983304.2124408623
2025,Костанайская область,Пшеница,Амангельдинский,152282.9,165727.63,1090.0,stat_gov_kz_real,2026-08-31,2026-09-06,456.56,205.26170867856518,261.0,34017536.50904904,43254911.43,9237374.920950957
2025,Костанайская область,Ячмень,Амангельдинский,11029.0,6817.5,620.0,stat_gov_kz_real,2026-08-31,2026-09-06,456.56,136.89328894340284,190.0,933269.9973716488,1295325.0,362055.0026283512
2025,Костанайская область,Кукуруза,Аркалык г.а.,256.0,258.5,1010.0,stat_gov_kz_real,,,,,,,,
2025,Костанайская область,Подсолнечник,Аркалык г.а.,1350.0,600.0,520.0,stat_gov_kz_real,,,,,,,,
2025,Костанайская область,Пшеница,Аркалык г.а.,274629.4,293264.09,1070.0,stat_gov_kz_real,2026-08-31,2026-09-06,456.56,205.26170867856518,261.0,60195888.20746452,76541927.49000001,16346039.282535486
2025,Костанайская область,Ячмень,Аркалык г.а.,24204.0,30300.5,1250.0,stat_gov_kz_real,2026-08-31,2026-09-06,456.56,136.89328894340284,190.0,4147935.1016295776,5757095.0,1609159.8983704224
2025,Костанайская область,Подсолнечник,Аулиекольский,1227.0,715.7,1130.0,stat_gov_kz_real,,,,,,,,
2025,Костанайская область,Пшеница,Аулиекольский,187100.8,259895.89,1390.0,stat_gov_kz_real,2026-08-31,2026-09-06,456.56,205.26170867856518,261.0,53346674.459936425,67832827.29,14486152.830063581
2025,Костанайская область,Ячмень,Аулиекольский,16149.0,24649.68,1530.0,stat_gov_kz_real,2026-08-31,2026-09-06,456.56,136.89328894340284,190.0,3374375.766602418,4683439.2,1309063.4333975823
2025,Костанайская область,Подсолнечник,Беимбета Майлина,35182.0,47134.990000000005,1380.0,stat_gov_kz_real,,,,,,,,
2025,Костанайская область,Пшеница,Беимбета Майлина,101721.95,154280.07,1520.0,stat_gov_kz_real,2026-08-31,2026-09-06,456.56,205.26170867856518,261.0,31667790.783248644,40267098.27,8599307.486751359
2025,Костанайская область,Ячмень,Беимбета Майлина,21200.0,30544.390000000003,1470.0,stat_gov_kz_real,2026-08-31,2026-09-06,456.56,136.89328894340284,190.0,4181322.0058699846,5803434.100000001,1622112.094130016
2025,Костанайская область,Подсолнечник,Денисовский,50773.2,64801.0,1320.0,stat_gov_kz_real,,,,,,,,
2025,Костанайская область,Пшеница,Денисовский,186547.81,304220.2,1639.9999999999998,stat_gov_kz_real,2026-08-31,2026-09-06,456.56,205.26170867856518,261.0,62444758.06653484,79401472.2,16956714.133465163
2025,Костанайская область,Ячмень,Денисовский,24700.0,33726.6,1380.0,stat_gov_kz_real,2026-08-31,2026-09-06,456.56,136.89328894340284,190.0,4616945.1988785695,6408054.0,1791108.8011214305
2025,Костанайская область,Подсолнечник,Джангельдинский,5.0,9.4,1880.0,stat_gov_kz_real,,,,,,,,
2025,Костанайская область,Пшеница,Джангельдинский,26025.4,17296.8,660.0,stat_gov_kz_real,2026-08-31,2026-09-06,456.56,205.26170867856518,261.0,3550370.7226714063,4514464.8,964094.0773285935
2025,Костанайская область,Ячмень,Джангельдинский,3190.0,2509.13,790.0,stat_gov_kz_real,2026-08-31,2026-09-06,456.56,136.89328894340284,190.0,343483.0580865604,476734.7,133251.6419134396
2025,Костанайская область,Подсолнечник,Житикаринский,10652.0,14678.0,1380.0,stat_gov_kz_real,,,,,,,,
2025,Костанайская область,Пшеница,Житикаринский,170408.99,217460.92000000004,1280.0,stat_gov_kz_real,2026-08-31,2026-09-06,456.56,205.26170867856518,261.0,44636400.010012776,56757300.12000001,12120900.109987237
2025,Костанайская область,Ячмень,Житикаринский,19112.0,21982.07,1150.0,stat_gov_kz_real,2026-08-31,2026-09-06,456.56,136.89328894340284,190.0,3009197.860084107,4176593.3,1167395.4399158927
2025,Костанайская область,Подсолнечник,Камыстинский,3466.0,2216.9,800.0,stat_gov_kz_real,,,,,,,,
2025,Костанайская область,Пшеница,Камыстинский,237578.0,327192.81,1460.0,stat_gov_kz_real,2026-08-31,2026-09-06,456.56,205.26170867856518,261.0,67160155.24794114,85397323.41,18237168.16205886
2025,Костанайская область,Ячмень,Камыстинский,20900.0,26173.75,1330.0,stat_gov_kz_real,2026-08-31,2026-09-06,456.56,136.89328894340284,190.0,3583010.72148239,4973012.5,1390001.77851761
2025,Костанайская область,Подсолнечник,Карабалыкский,33427.5,50935.19,1520.0,stat_gov_kz_real,,,,,,,,
2025,Костанайская область,Пшеница,Карабалыкский,151810.2,262629.63,1730.0,stat_gov_kz_real,2026-08-31,2026-09-06,456.56,205.26170867856518,261.0,53907806.60341936,68546333.43,14638526.826580644
2025,Костанайская область,Ячмень,Карабалыкский,25552.0,39855.96,1560.0,stat_gov_kz_real,2026-08-31,2026-09-06,456.56,136.89328894340284,190.0,5456013.448396706,7572632.399999999,2116618.9516032934
2025,Костанайская область,Подсолнечник,Карасуский,9654.0,10661.27,1100.0,stat_gov_kz_real,,,,,,,,
2025,Костанайская область,Пшеница,Карасуский,545626.36,924855.49,1700.0,stat_gov_kz_real,2026-08-31,2026-09-06,456.56,205.26170867856518,261.0,189837418.15815166,241387282.89,51549864.73184833
2025,Костанайская область,Ячмень,Карасуский,89318.4,163625.12,1830.0,stat_gov_kz_real,2026-08-31,2026-09-06,456.56,136.89328894340284,190.0,22399180.830558963,31088772.8,8689591.969441038
2025,Костанайская область,Кукуруза,Костанайский,904.1,1700.0,1840.0,stat_gov_kz_real,,,,,,,,
2025,Костанайская область,Подсолнечник,Костанайский,21638.5,29304.870000000003,1350.0,stat_gov_kz_real,,,,,,,,
2025,Костанайская область,Пшеница,Костанайский,216947.0,348305.94,1610.0000000000002,stat_gov_kz_real,2026-08-31,2026-09-06,456.56,205.26170867856518,261.0,71493872.3872938,90907850.34,19413977.952706203
2025,Костанайская область,Ячмень,Костанайский,24700.0,45713.42,1870.0,stat_gov_kz_real,2026-08-31,2026-09-06,456.56,136.89328894340284,190.0,6257860.41265113,8685549.799999999,2427689.387348869
2025,Костанайская область,Пшеница,Лисаковск г.а.,138.0,157.29999999999998,1140.0,stat_gov_kz_real,2026-08-31,2026-09-06,456.56,205.26170867856518,261.0,32287.6667751383,41055.299999999996,8767.633224861696
2025,Костанайская область,Подсолнечник,Мендыкаринский,27781.5,48095.27,1730.0,stat_gov_kz_real,,,,,,,,
2025,Костанайская область,Пшеница,Мендыкаринский,182982.7,389546.0500000001,2130.0,stat_gov_kz_real,2026-08-31,2026-09-06,456.56,205.26170867856518,261.0,79958887.83198582,101671519.05000003,21712631.21801421
2025,Костанайская область,Ячмень,Мендыкаринский,15557.6,27450.540000000005,1760.0000000000002,stat_gov_kz_real,2026-08-31,2026-09-06,456.56,136.89328894340284,190.0,3757794.703872438,5215602.600000001,1457807.8961275625
2025,Костанайская область,Подсолнечник,Наурзумский,950.0,710.0,1000.0,stat_gov_kz_real,,,,,,,,
2025,Костанайская область,Пшеница,Наурзумский,209840.0,185398.7,910.0,stat_gov_kz_real,2026-08-31,2026-09-06,456.56,205.26170867856518,261.0,38055253.94878471,48389060.7,10333806.751215294
2025,Костанайская область,Ячмень,Наурзумский,19400.0,17542.4,950.0,stat_gov_kz_real,2026-08-31,2026-09-06,456.56,136.89328894340284,190.0,2401436.8319607503,3333056.0000000005,931619.1680392502
2025,Костанайская область,Подсолнечник,Сарыкольский,13545.0,24776.03,1830.0,stat_gov_kz_real,,,,,,,,
2025,Костанайская область,Пшеница,Сарыкольский,220106.4,475362.0,2160.0,stat_gov_kz_real,2026-08-31,2026-09-06,456.56,205.26170867856518,261.0,97573616.36086011,124069482.0,26495865.63913989
2025,Костанайская область,Ячмень,Сарыкольский,21563.7,40169.63,1860.0,stat_gov_kz_real,2026-08-31,2026-09-06,456.56,136.89328894340284,190.0,5498952.766339582,7632229.699999999,2133276.933660417
2025,Костанайская область,Подсолнечник,Узункольский,14930.0,27625.9,1850.0,stat_gov_kz_real,,,,,,,,
2025,Костанайская область,Пшеница,Узункольский,190804.82,434794.2099999999,2280.0,stat_gov_kz_real,2026-08-31,2026-09-06,456.56,205.26170867856518,261.0,89246602.46814688,113481288.80999997,24234686.341853097
2025,Костанайская область,Ячмень,Узункольский,15554.4,17402.550000000003,1120.0,stat_gov_kz_real,2026-08-31,2026-09-06,456.56,136.89328894340284,190.0,2382292.3055020156,3306484.5000000005,924192.1944979848
2025,Костанайская область,Подсолнечник,Федоровский,20439.2,29269.259999999995,1440.0,stat_gov_kz_real,,,,,,,,
2025,Костанайская область,Пшеница,Федоровский,226423.29,449525.0500000001,2000.0,stat_gov_kz_real,2026-08-31,2026-09-06,456.56,205.26170867856518,261.0,92270279.85681747,117326038.05000003,25055758.193182558
2025,Костанайская область,Ячмень,Федоровский,29000.0,48950.95,1920.0,stat_gov_kz_real,2026-08-31,2026-09-06,456.56,136.89328894340284,190.0,6701056.542404065,9300680.5,2599623.957595935
2025,Костанайская область,Пшеница,г.Костанай,1285.33,1892.7,1470.0,stat_gov_kz_real,2026-08-31,2026-09-06,456.56,205.26170867856518,261.0,388498.83601592033,493994.7,105495.86398407968
2025,Костанайская область,Ячмень,г.Костанай,503.0,831.5,1650.0,stat_gov_kz_real,2026-08-31,2026-09-06,456.56,136.89328894340284,190.0,113826.76975643946,157985.0,44158.23024356054
2025,Северо-Казахстанская область,Подсолнечник,Айыртауский район,14858.0,24371.370000000003,1639.9999999999998,stat_gov_kz_real,,,,,,,,
2025,Северо-Казахстанская область,Пшеница,Айыртауский район,150080.5,326056.24,2170.0,stat_gov_kz_real,2026-08-31,2026-09-06,456.56,205.26170867856518,261.0,66926860.94770833,85100678.64,18173817.69229167
2025,Северо-Казахстанская область,Ячмень,Айыртауский район,68213.5,144514.72,2130.0,stat_gov_kz_real,2026-08-31,2026-09-06,456.56,136.89328894340284,190.0,19783095.321534958,27457796.8,7674701.478465043
2025,Северо-Казахстанская область,Подсолнечник,Акжарский район,5299.0,7428.5,1400.0,stat_gov_kz_real,,,,,,,,
2025,Северо-Казахстанская область,Пшеница,Акжарский район,160238.1,247736.49,1550.0,stat_gov_kz_real,2026-08-31,2026-09-06,456.56,205.26170867856518,261.0,50850815.23943028,64659223.89,13808408.650569722
2025,Северо-Казахстанская область,Ячмень,Акжарский район,28423.0,40205.83,1410.0,stat_gov_kz_real,2026-08-31,2026-09-06,456.56,136.89328894340284,190.0,5503908.303399335,7639107.7,2135199.3966006655
2025,Северо-Казахстанская область,Подсолнечник,Аккайынский район,4296.0,7242.67,1689.9999999999998,stat_gov_kz_real,,,,,,,,
2025,Северо-Казахстанская область,Пшеница,Аккайынский район,113587.5,294193.23,2590.0,stat_gov_kz_real,2026-08-31,2026-09-06,456.56,205.26170867856518,261.0,60386605.07146612,76784433.03,16397827.958533883
2025,Северо-Казахстанская область,Ячмень,Аккайынский район,16438.6,43599.9,2650.0,stat_gov_kz_real,2026-08-31,2026-09-06,456.56,136.89328894340284,190.0,5968533.70860347,8283981.0,2315447.2913965303
2025,Северо-Казахстанская область,Кукуруза,Есильский район,40.0,65.7,1639.9999999999998,stat_gov_kz_real,,,,,,,,
2025,Северо-Казахстанская область,Подсолнечник,Есильский район,16142.0,20280.300000000003,1280.0,stat_gov_kz_real,,,,,,,,
2025,Северо-Казахстанская область,Пшеница,Есильский район,130315.2,328497.97000000003,2530.0,stat_gov_kz_real,2026-08-31,2026-09-06,456.56,205.26170867856518,261.0,67428054.61964005,85737970.17,18309915.55035995
2025,Северо-Казахстанская область,Ячмень,Есильский район,29266.4,87717.65000000001,3050.0,stat_gov_kz_real,2026-08-31,2026-09-06,456.56,136.89328894340284,190.0,12007957.60688628,16666353.500000002,4658395.893113721
2025,Северо-Казахстанская область,Кукуруза,Жамбылский район,120.0,711.8000000000001,5930.0,stat_gov_kz_real,,,,,,,,
2025,Северо-Казахстанская область,Подсолнечник,Жамбылский район,15836.0,30321.6,1910.0,stat_gov_kz_real,,,,,,,,
2025,Северо-Казахстанская область,Пшеница,Жамбылский район,137501.0,292359.26,2130.0,stat_gov_kz_real,2026-08-31,2026-09-06,456.56,205.26170867856518,261.0,60010161.2556009,76305766.86,16295605.6043991
2025,Северо-Казахстанская область,Ячмень,Жамбылский район,17406.0,38701.9,2220.0,stat_gov_kz_real,2026-08-31,2026-09-06,456.56,136.89328894340284,190.0,5298030.379358683,7353361.0,2055330.6206413172
2025,Северо-Казахстанская область,Кукуруза,Кызылжарский район,250.0,364.8,1460.0,stat_gov_kz_real,,,,,,,,
2025,Северо-Казахстанская область,Подсолнечник,Кызылжарский район,5034.0,5356.1,1060.0,stat_gov_kz_real,,,,,,,,
2025,Северо-Казахстанская область,Пшеница,Кызылжарский район,95738.4,237054.1,2480.0,stat_gov_kz_real,2026-08-31,2026-09-06,456.56,205.26170867856518,261.0,48658129.61525946,61871120.1,13212990.48474054
2025,Северо-Казахстанская область,Ячмень,Кызылжарский район,18075.0,46508.29000000001,2570.0,stat_gov_kz_real,2026-08-31,2026-09-06,456.56,136.89328894340284,190.0,6366672.781233574,8836575.100000001,2469902.318766427
2025,Северо-Казахстанская область,Подсолнечник,Мамлютский район,3893.0,7851.700000000001,2020.0,stat_gov_kz_real,,,,,,,,
2025,Северо-Казахстанская область,Пшеница,Мамлютский район,80856.7,199712.77,2470.0,stat_gov_kz_real,2026-08-31,2026-09-06,456.56,205.26170867856518,261.0,40993384.41512929,52125032.97,11131648.55487071
2025,Северо-Казахстанская область,Ячмень,Мамлютский район,15210.0,35131.05,2310.0,stat_gov_kz_real,2026-08-31,2026-09-06,456.56,136.89328894340284,190.0,4809204.9785351325,6674899.500000001,1865694.5214648684
2025,Северо-Казахстанская область,Кукуруза,Тайыншинский район,725.0,6250.0,8620.0,stat_gov_kz_real,,,,,,,,
2025,Северо-Казахстанская область,Подсолнечник,Тайыншинский район,25923.0,37750.77,1460.0,stat_gov_kz_real,,,,,,,,
2025,Северо-Казахстанская область,Пшеница,Тайыншинский район,281256.0,541701.88,1930.0,stat_gov_kz_real,2026-08-31,2026-09-06,456.56,205.26170867856518,261.0,111190653.48319107,141384190.68,30193537.196808934
2025,Северо-Казахстанская область,Ячмень,Тайыншинский район,79221.0,153874.36000000002,1940.0,stat_gov_kz_real,2026-08-31,2026-09-06,456.56,136.89328894340284,190.0,21064367.22446119,29236128.400000002,8171761.175538812
2025,Северо-Казахстанская область,Подсолнечник,Тимирязевский район,11194.0,21460.210000000003,1920.0,stat_gov_kz_real,,,,,,,,
2025,Северо-Казахстанская область,Пшеница,Тимирязевский район,134986.3,298002.84,2210.0,stat_gov_kz_real,2026-08-31,2026-09-06,456.56,205.26170867856518,261.0,61168572.12946508,77778741.24000001,16610169.110534929
2025,Северо-Казахстанская область,Ячмень,Тимирязевский район,15450.5,36006.82,2330.0,stat_gov_kz_real,2026-08-31,2026-09-06,456.56,136.89328894340284,190.0,4929092.014193096,6841295.8,1912203.7858069036
2025,Северо-Казахстанская область,Подсолнечник,Уалихановский район,1031.0,1077.0,1040.0,stat_gov_kz_real,,,,,,,,
2025,Северо-Казахстанская область,Пшеница,Уалихановский район,94452.0,131377.5,1400.0,stat_gov_kz_real,2026-08-31,2026-09-06,456.56,205.26170867856518,261.0,26966770.1319182,34289527.5,7322757.368081801
2025,Северо-Казахстанская область,Ячмень,Уалихановский район,19266.0,26429.93,1370.0,stat_gov_kz_real,2026-08-31,2026-09-06,456.56,136.89328894340284,190.0,3618080.044243911,5021686.7,1403606.6557560894
2025,Северо-Казахстанская область,Кукуруза,район М.Жумабаева,2337.0,6772.0,2900.0,stat_gov_kz_real,,,,,,,,
2025,Северо-Казахстанская область,Подсолнечник,район М.Жумабаева,6050.0,10540.07,1739.9999999999998,stat_gov_kz_real,,,,,,,,
2025,Северо-Казахстанская область,Пшеница,район М.Жумабаева,267739.4,614990.88,2300.0,stat_gov_kz_real,2026-08-31,2026-09-06,456.56,205.26170867856518,261.0,126234078.85053444,160512619.68,34278540.82946557
2025,Северо-Казахстанская область,Ячмень,район М.Жумабаева,30854.1,72414.39,2350.0,stat_gov_kz_real,2026-08-31,2026-09-06,456.56,136.89328894340284,190.0,9913044.013930261,13758734.1,3845690.0860697385
2025,Северо-Казахстанская область,Подсолнечник,район Шал акына,36611.0,69487.37,1900.0,stat_gov_kz_real,,,,,,,,
2025,Северо-Казахстанская область,Пшеница,район Шал акына,105025.7,207712.83,1980.0,stat_gov_kz_real,2026-08-31,2026-09-06,456.56,205.26170867856518,261.0,42635490.40026033,54213048.629999995,11577558.229739666
2025,Северо-Казахстанская область,Ячмень,район Шал акына,21357.7,46668.62,2190.0,stat_gov_kz_real,2026-08-31,2026-09-06,456.56,136.89328894340284,190.0,6388620.8822498685,8867037.8,2478416.9177501323
2025,Северо-Казахстанская область,Подсолнечник,район им. Г.Мусрепова,34116.0,55109.780000000006,1620.0,stat_gov_kz_real,,,,,,,,
2025,Северо-Казахстанская область,Пшеница,район им. Г.Мусрепова,383129.9,689276.9500000001,1800.0,stat_gov_kz_real,2026-08-31,2026-09-06,456.56,205.26170867856518,261.0,141482164.50974995,179901283.95000002,38419119.44025007
2025,Северо-Казахстанская область,Ячмень,район им. Г.Мусрепова,65210.6,126260.32,1940.0,stat_gov_kz_real,2026-08-31,2026-09-06,456.56,136.89328894340284,190.0,17284190.467846505,23989460.8,6705270.332153495
