year,agriculture_total,crop_production_total,grain_crops_group,oilseed_crops_group,potato,vegetables,source
1992,0.028329770449208095,0.046739174938595716,0.037960878902278436,0.0530986899861779,0.041903919520535425,0.03157879028985638,stat_gov_kz_producer_price_index_chained_base2015
1993,0.21975402937450722,0.3308666193903191,0.23615462765107414,0.3990897539361131,0.649510752568299,0.8665535843439489,stat_gov_kz_producer_price_index_chained_base2015
1994,4.14961533667882,6.265290304775082,4.35539979776876,7.299351599491509,18.494818679382316,19.024317390687056,stat_gov_kz_producer_price_index_chained_base2015
1995,10.65621218459121,13.138313769113347,9.581879555091271,19.387077848249447,32.64335496910979,28.117941103435474,stat_gov_kz_producer_price_index_chained_base2015
1996,17.145845405007258,21.82273917049727,16.59581538941808,31.174421179985114,45.86391373159925,33.34787814867447,stat_gov_kz_producer_price_index_chained_base2015
1997,18.79184656388795,19.574997035936054,18.371567636085818,29.958618753965695,42.011344978144905,35.28205508129759,stat_gov_kz_producer_price_index_chained_base2015
1998,17.326082531904692,16.501722501294093,15.248401137951227,35.08154256089383,36.6759041659205,33.764926712801795,stat_gov_kz_producer_price_index_chained_base2015
1999,18.76414738205278,18.05288441641574,16.818986455160204,39.99295851941896,41.553799419987925,27.85606453806148,stat_gov_kz_producer_price_index_chained_base2015
2000,25.012608460276358,26.32110547913415,25.833963195126074,35.91367675043823,49.40746751036565,32.842300090374486,stat_gov_kz_producer_price_index_chained_base2015
2001,29.73999145926859,32.322317528376736,32.085782288346586,40.83385046524827,46.83827919982663,42.366567116583084,stat_gov_kz_producer_price_index_chained_base2015
2002,29.769731450727857,30.253689206560622,29.647262834432247,51.57315313760856,43.0912168638405,39.95167279093785,stat_gov_kz_producer_price_index_chained_base2015
2003,31.64522453212371,31.857134734508335,30.922095136312834,51.882592056434206,49.59799061028042,43.667178360495065,stat_gov_kz_producer_price_index_chained_base2015
2004,40.221080380329234,44.122131607294044,44.249518140063664,51.46753131998273,49.845980563331814,45.89420445688031,stat_gov_kz_producer_price_index_chained_base2015
2005,40.78417550565384,41.4748037108564,41.55029753351978,53.42329751014208,50.69336223290846,47.72997263515553,stat_gov_kz_producer_price_index_chained_base2015
2006,41.273585611721685,39.56696274015701,38.891078491374515,56.04103908813905,60.071634245996535,52.31205000813045,stat_gov_kz_producer_price_index_chained_base2015
2007,49.65212349090119,50.091774829038776,50.052818018398995,57.1058188308137,74.36868319654371,58.48487190908983,stat_gov_kz_producer_price_index_chained_base2015
2008,69.21506014631626,76.08940596530991,78.23255456275764,75.95073904498223,89.61426325183518,76.32275784136223,stat_gov_kz_producer_price_index_chained_base2015
2009,71.36072701085206,76.46985299513645,78.54548478100867,76.25454200116216,93.91574788792327,78.30714954523765,stat_gov_kz_producer_price_index_chained_base2015
2010,66.57955830112496,63.852327250938934,63.150569763930974,73.96690574112729,86.02682506533772,76.3494708066067,stat_gov_kz_producer_price_index_chained_base2015
2011,84.95551639223545,86.58375575227319,85.8216243091822,101.63052848830891,110.28638973376293,97.88002157406977,stat_gov_kz_producer_price_index_chained_base2015
2012,81.72720676933051,75.24128374872541,74.57899152467934,95.02454413656884,85.58223843340002,82.02345807907047,stat_gov_kz_producer_price_index_chained_base2015
2013,94.39492381857674,92.92298542967589,93.89495032957129,102.8165567557675,91.57299512373802,90.88199155161007,stat_gov_kz_producer_price_index_chained_base2015
2014,93.54536950420955,89.20606601248885,88.261253309797,96.33911368015414,95.69377990430623,92.33610341643583,stat_gov_kz_producer_price_index_chained_base2015
2015,100.0,100.0,100.0,100.0,100.0,100.0,stat_gov_kz_producer_price_index_chained_base2015
2016,107.8,106.7,107.6,123.9,92.7,100.0,stat_gov_kz_producer_price_index_chained_base2015
2017,112.8666,110.54119999999999,109.96719999999999,133.5642,104.751,100.2,stat_gov_kz_producer_price_index_chained_base2015
2018,116.0268648,114.0785184,112.16654399999999,130.0915308,109.88379900000001,103.50659999999999,stat_gov_kz_producer_price_index_chained_base2015
2019,132.9667870608,134.4985731936,143.461009776,149.4751688892,97.576813512,106.094265,stat_gov_kz_producer_price_index_chained_base2015
2020,151.44917046225117,156.690837770544,175.883197985376,170.1027421959096,112.2133355388,114.90008899499999,stat_gov_kz_producer_price_index_chained_base2015
2021,175.07524105436235,183.1715893537659,201.91391128721162,220.28305114370295,138.24682938380158,126.61989807249,stat_gov_kz_producer_price_index_chained_base2015
2022,205.1881825157127,219.43956404581158,242.90243527851558,263.238246116725,162.30177769658306,136.8761098163617,stat_gov_kz_producer_price_index_chained_base2015
2023,202.9311125080399,210.88142104802492,227.35667942069057,239.28356572010304,160.51645814192065,145.0886764053434,stat_gov_kz_producer_price_index_chained_base2015
2024,199.07542137038712,203.28968989029602,220.08126567922847,221.33729829109532,160.8374910582045,146.24938581658614,stat_gov_kz_producer_price_index_chained_base2015
2025,198.87634594901675,205.52587647908928,210.17760872366318,253.20986924501307,199.9210013853482,151.07561554853348,stat_gov_kz_producer_price_index_chained_base2015
