region,district,district_key,lat,lon
Акмолинская область,Аккольский,Аккольский,52.2259,71.32
Акмолинская область,Аршалынский,Аршалынский,50.9288,72.4586
Акмолинская область,Астраханский,Астраханский,51.5272,69.5651
Акмолинская область,Атбасарский,Атбасарский,51.3916,68.4684
Акмолинская область,Биржан сал,Биржан сал,52.8745,71.1632
Акмолинская область,Буландынский,Буландынский,52.2331,70.0453
Акмолинская область,Бурабайский,Бурабайский,52.9196,70.1513
Акмолинская область,Егиндыкольский,Егиндыкольский,51.0029,69.4985
Акмолинская область,Ерейментауский,Ерейментауский,51.8552,72.9986
Акмолинская область,Есильский,Есильский,51.8906,66.3242
Акмолинская область,Жаксынский,Жаксынский,51.6688,67.4139
Акмолинская область,Жаркаинский,Жаркаинский,51.0826,66.4928
Акмолинская область,Зерендинский,Зерендинский,53.1188,69.189
Акмолинская область,Коргалжынский,Коргалжынский,50.5744,69.7858
Акмолинская область,Сандыктауский,Сандыктауский,52.3955,68.734
Акмолинская область,Целиноградский,Целиноградский,51.3676,71.7716
Акмолинская область,Шортандинский,Шортандинский,51.5679,70.8269
Акмолинская область,г.а Косшы,Косшы,50.9754,71.3549
Акмолинская область,г.а. Кокшетау,Кокшетау,53.2852,69.3815
Акмолинская область,г.а. Степногорск,Степногорск,52.3464,71.8805
Акмолинская область,г.а.Косшы,Косшы,50.9754,71.3549
Костанайская область,Алтынсаринский,Алтынсаринский,53.0909,64.4818
Костанайская область,Амангельдинский,Амангельдинский,49.9428,65.2544
Костанайская область,Аркалык г.а.,Аркалык,50.2533,66.915
Костанайская область,Аулиекольский,Аулиекольский,52.2668,63.9887
Костанайская область,Беимбета Майлина,Беимбета Майлина,52.698,62.5603
Костанайская область,Денисовский,Денисовский,52.5937,61.5559
Костанайская область,Джангельдинский,Джангельдинский,49.5699,63.682
Костанайская область,Житикаринский,Житикаринский,51.9633,60.7472
Костанайская область,Камыстинский,Камыстинский,51.5637,62.2231
Костанайская область,Карабалыкский,Карабалыкский,53.5678,61.9735
Костанайская область,Карасуский,Карасуский,52.2271,65.3437
Костанайская область,Костанайский,Костанайский,53.2355,63.2291
Костанайская область,Лисаковск г.а.,Лисаковск,52.5459,62.4892
Костанайская область,Мендыкаринский,Мендыкаринский,53.9331,64.1542
Костанайская область,Наурзумский,Наурзумский,51.2759,64.2406
Костанайская область,Рудный г.а.,Рудный,52.9645,63.1335
Костанайская область,Сарыкольский,Сарыкольский,53.5094,65.5674
Костанайская область,Узункольский,Узункольский,54.1597,65.6105
Костанайская область,Федоровский,Федоровский,53.5753,62.8365
Костанайская область,г.Костанай,Костанай,53.2147,63.6326
Северо-Казахстанская область,Айыртауский район,Айыртауский,53.1934,68.0653
Северо-Казахстанская область,Акжарский район,Акжарский,53.789,71.738
Северо-Казахстанская область,Аккайынский район,Аккайынский,54.4586,69.5574
Северо-Казахстанская область,Есильский район,Есильский,54.1104,68.2769
Северо-Казахстанская область,Жамбылский район,Жамбылский,54.432,66.9115
Северо-Казахстанская область,Кызылжарский район,Кызылжарский,54.8947,69.4513
Северо-Казахстанская область,Мамлютский район,Мамлютский,54.8161,68.2693
Северо-Казахстанская область,Тайыншинский район,Тайыншинский,53.8096,69.8944
Северо-Казахстанская область,Тимирязевский район,Тимирязевский,53.6656,66.5112
Северо-Казахстанская область,Уалихановский район,Уалихановский,53.3616,72.8178
Северо-Казахстанская область,г.Петропавловск,Петропавловск,54.8668,69.1335
Северо-Казахстанская область,район М.Жумабаева,М.Жумабаева,54.4139,70.8184
Северо-Казахстанская область,район Шал акына,Шал акына,53.8045,67.4982
Северо-Казахстанская область,район им. Г.Мусрепова,Г.Мусрепова,53.048,66.0546
