region,district_key,lat,lon,soil_bdod_0_30,soil_bdod_30_60,soil_cec_0_30,soil_cec_30_60,soil_clay_0_30,soil_clay_30_60,soil_nitrogen_0_30,soil_nitrogen_30_60,soil_phh2o_0_30,soil_phh2o_30_60,soil_sand_0_30,soil_sand_30_60,soil_silt_0_30,soil_silt_30_60,soil_soc_0_30,soil_soc_30_60
Акмолинская область,Аккольский,52.2259,71.32,1.21,1.42,40.467,38.7,24.95,24.0,3.418,3.05,7.1,7.4,41.767,42.5,33.3,33.5,70.933,45.3
Акмолинская область,Аршалынский,50.9288,72.4586,1.192,1.41,26.817,25.9,29.55,33.2,3.227,2.05,7.15,7.4,44.783,43.1,25.617,23.7,41.3,24.9
Акмолинская область,Астраханский,51.5272,69.5651,1.223,1.4,28.067,24.4,22.217,22.4,3.22,2.6,7.233,7.5,47.717,46.5,30.133,31.1,32.667,22.1
Акмолинская область,Атбасарский,51.3916,68.4684,1.217,1.4,25.2,21.6,25.983,27.0,3.207,2.15,7.333,7.7,48.333,47.6,25.767,25.4,34.3,21.2
Акмолинская область,Биржан сал,52.8745,71.1632,1.183,1.4,36.333,32.0,25.9,25.0,3.062,2.6,6.817,7.1,43.233,43.9,30.867,31.1,42.317,32.0
Акмолинская область,Буландынский,52.2331,70.0453,1.2,1.4,41.417,39.6,26.1,24.8,3.595,3.0,7.033,7.3,39.85,40.9,34.05,34.3,38.433,18.9
Акмолинская область,Бурабайский,52.9196,70.1513,1.19,1.39,40.417,35.4,27.783,29.8,3.293,2.46,6.85,7.3,41.183,40.6,31.083,29.6,36.683,20.4
Акмолинская область,Егиндыкольский,51.0029,69.4985,1.192,1.41,28.05,24.0,28.3,30.6,3.08,1.87,7.317,7.5,44.75,43.0,27.0,26.3,54.333,36.4
Акмолинская область,Ерейментауский,51.8552,72.9986,1.188,1.39,38.933,37.8,25.767,25.0,2.547,2.01,7.167,7.5,42.133,43.3,32.067,31.7,32.75,21.5
Акмолинская область,Есильский,51.8906,66.3242,1.218,1.37,21.35,20.2,26.65,28.0,3.592,2.6,7.283,7.4,48.55,46.3,24.817,25.7,36.65,24.3
Акмолинская область,Жаксынский,51.6688,67.4139,1.198,1.4,25.633,22.8,28.0,28.3,3.72,2.92,7.317,7.7,43.433,43.7,28.55,28.0,48.217,32.0
Акмолинская область,Жаркаинский,51.0826,66.4928,1.225,1.39,20.667,19.5,30.067,30.3,2.977,2.59,7.633,8.0,48.583,49.1,21.35,20.5,33.75,15.9
Акмолинская область,Зерендинский,53.1188,69.189,1.208,1.43,39.167,36.2,27.6,30.0,3.258,2.61,6.85,7.1,40.817,39.9,31.567,30.1,41.15,24.6
Акмолинская область,Коргалжынский,50.5744,69.7858,1.257,1.39,25.517,23.5,24.067,28.0,2.702,2.08,7.617,7.8,48.667,44.8,27.283,27.2,51.25,41.6
Акмолинская область,Сандыктауский,52.3955,68.734,1.157,1.39,39.45,39.3,28.517,30.5,4.227,3.71,6.967,7.2,42.017,40.5,29.483,29.0,45.5,26.2
Акмолинская область,Целиноградский,51.3676,71.7716,1.225,1.42,28.867,28.8,29.15,32.1,3.398,2.8,7.133,7.4,42.7,41.1,28.1,26.9,67.05,63.2
Акмолинская область,Шортандинский,51.5679,70.8269,1.165,1.41,34.7,32.6,26.217,29.0,3.267,2.33,7.083,7.4,44.067,41.8,29.7,29.2,59.467,52.0
Акмолинская область,Косшы,50.9754,71.3549,1.245,1.42,28.317,26.3,28.017,31.3,3.463,2.81,7.233,7.6,46.7,44.3,25.25,24.4,37.867,22.0
Акмолинская область,Кокшетау,53.2852,69.3815,1.22,1.43,36.533,32.0,27.717,30.8,3.477,2.76,6.833,7.3,37.667,36.0,34.617,33.2,43.533,26.7
Акмолинская область,Степногорск,52.3464,71.8805,1.185,1.41,37.2,35.1,23.017,23.1,3.355,3.1,7.067,7.3,44.667,45.0,32.267,31.9,45.25,28.8
Костанайская область,Алтынсаринский,53.0909,64.4818,1.225,1.36,30.433,26.3,35.833,36.1,3.74,2.27,7.183,7.7,28.167,28.1,35.967,35.8,33.5,22.5
Костанайская область,Амангельдинский,49.9428,65.2544,1.342,1.45,20.833,20.0,22.467,23.6,2.072,1.0,7.933,8.0,39.533,38.0,38.0,38.4,22.417,20.5
Костанайская область,Аркалык,50.2533,66.915,1.242,1.44,22.35,21.6,32.217,34.3,3.51,2.21,7.583,7.8,42.75,41.4,25.033,24.3,34.233,19.6
Костанайская область,Аулиекольский,52.2668,63.9887,1.233,1.4,24.567,21.9,32.683,32.0,2.768,1.79,7.3,7.7,41.633,41.5,25.65,26.5,35.633,29.4
Костанайская область,Беимбета Майлина,52.698,62.5603,1.272,1.4,19.2,16.0,34.217,34.6,3.368,2.52,7.367,7.7,36.25,35.0,29.55,30.4,36.717,28.0
Костанайская область,Денисовский,52.5937,61.5559,1.203,1.39,21.6,21.1,27.633,28.2,4.637,3.73,7.25,7.5,46.15,45.2,26.217,26.6,45.417,35.3
Костанайская область,Джангельдинский,49.5699,63.682,1.365,1.46,23.467,23.4,23.133,25.1,3.397,3.25,7.983,8.1,38.167,37.0,38.7,37.9,48.05,47.7
Костанайская область,Житикаринский,51.9633,60.7472,1.173,1.4,26.85,23.1,32.05,33.2,4.487,3.92,7.267,7.5,41.033,41.0,26.933,25.8,66.25,54.1
Костанайская область,Камыстинский,51.5637,62.2231,1.24,1.4,24.967,23.5,34.05,35.9,4.908,4.26,7.333,7.5,36.583,35.0,29.383,29.1,34.617,19.4
Костанайская область,Карабалыкский,53.5678,61.9735,1.245,1.39,31.417,28.8,29.383,29.3,2.905,2.23,7.083,7.4,34.267,34.7,36.383,36.0,29.267,12.2
Костанайская область,Карасуский,52.2271,65.3437,1.21,1.38,21.917,20.4,33.167,34.1,5.042,4.9,7.383,7.6,40.333,38.8,26.5,27.1,48.95,46.2
Костанайская область,Костанайский,53.2355,63.2291,1.202,1.39,31.417,27.7,31.2,32.3,2.87,1.23,7.017,7.4,35.25,34.0,33.583,33.7,35.35,23.2
Костанайская область,Лисаковск,52.5459,62.4892,1.252,1.39,20.067,18.0,32.617,32.5,3.007,2.43,7.333,7.7,41.5,40.7,25.85,26.8,34.317,32.7
Костанайская область,Мендыкаринский,53.9331,64.1542,1.187,1.39,39.1,37.2,32.717,31.9,4.745,3.61,7.017,7.2,33.133,33.3,34.133,34.8,49.033,37.2
Костанайская область,Наурзумский,51.2759,64.2406,1.292,1.41,25.1,25.9,28.1,28.8,3.795,3.52,7.583,7.8,40.833,39.3,31.067,31.9,42.217,40.0
Костанайская область,Рудный,52.9645,63.1335,1.27,1.39,33.417,32.5,32.583,31.9,2.757,2.44,7.217,7.6,36.2,37.0,31.217,31.1,43.15,31.8
Костанайская область,Сарыкольский,53.5094,65.5674,1.218,1.35,42.317,38.6,33.367,33.6,3.46,3.12,6.7,7.0,28.317,28.1,38.383,38.3,57.117,25.6
Костанайская область,Узункольский,54.1597,65.6105,1.162,1.41,43.0,40.5,28.7,29.7,3.903,2.68,6.8,7.2,36.783,35.8,34.517,34.5,40.6,22.3
Костанайская область,Федоровский,53.5753,62.8365,1.24,1.4,33.317,30.0,36.0,36.0,2.94,1.94,7.033,7.4,29.367,29.4,34.633,34.6,35.783,19.5
Костанайская область,Костанай,53.2147,63.6326,1.237,1.39,32.383,30.0,29.883,29.9,2.972,1.88,7.017,7.5,39.433,38.3,30.683,31.8,30.233,14.5
Северо-Казахстанская область,Айыртауский,53.1934,68.0653,1.173,1.4,37.033,32.7,27.383,28.9,3.653,3.18,6.833,7.2,39.15,38.9,33.483,32.2,34.85,22.9
Северо-Казахстанская область,Акжарский,53.789,71.738,1.22,1.38,40.883,38.0,32.567,33.5,3.157,2.36,6.833,7.3,31.4,31.0,36.05,35.5,40.833,21.1
Северо-Казахстанская область,Аккайынский,54.4586,69.5574,1.165,1.37,41.417,38.2,28.2,28.5,3.275,2.32,6.75,7.1,39.783,39.4,32.017,32.2,46.633,26.9
Северо-Казахстанская область,Есильский,54.1104,68.2769,1.187,1.39,41.333,39.7,28.167,28.6,5.045,3.77,6.65,7.1,38.533,37.9,33.267,33.5,58.317,48.1
Северо-Казахстанская область,Жамбылский,54.432,66.9115,1.203,1.41,41.833,38.8,31.75,32.0,3.243,2.47,6.75,7.2,37.2,37.4,31.0,30.7,40.883,24.4
Северо-Казахстанская область,Кызылжарский,54.8947,69.4513,1.125,1.36,41.983,40.7,29.8,29.9,5.147,4.57,6.583,6.9,38.533,38.9,31.667,31.2,71.883,45.9
Северо-Казахстанская область,Мамлютский,54.8161,68.2693,1.125,1.37,43.333,40.9,29.417,30.3,3.82,2.52,6.65,7.0,39.45,39.1,31.167,30.6,44.95,16.1
Северо-Казахстанская область,Тайыншинский,53.8096,69.8944,1.21,1.4,44.2,41.3,29.817,32.5,4.033,3.62,6.833,7.1,35.65,34.0,34.433,33.5,37.717,17.3
Северо-Казахстанская область,Тимирязевский,53.6656,66.5112,1.212,1.41,43.1,38.9,32.283,34.2,3.298,2.21,6.867,7.3,34.8,33.6,32.917,32.2,34.067,16.7
Северо-Казахстанская область,Уалихановский,53.3616,72.8178,1.192,1.36,47.467,44.5,27.4,26.8,3.11,2.01,7.017,7.3,40.017,40.5,32.633,32.7,35.05,23.0
Северо-Казахстанская область,Петропавловск,54.8668,69.1335,1.14,1.37,39.433,36.6,27.433,26.9,3.218,2.52,6.5,6.8,35.483,36.7,37.083,36.4,39.817,19.9
Северо-Казахстанская область,М.Жумабаева,54.4139,70.8184,1.18,1.39,39.9,37.1,28.883,29.2,4.525,3.67,6.733,7.0,40.683,40.5,30.367,30.3,75.867,47.9
Северо-Казахстанская область,Шал акына,53.8045,67.4982,1.212,1.4,40.85,41.3,23.767,26.3,3.025,2.2,6.85,7.3,39.517,38.9,36.7,34.8,31.633,16.7
Северо-Казахстанская область,Г.Мусрепова,53.048,66.0546,1.195,1.37,43.983,42.8,30.783,31.2,3.453,2.55,7.017,7.6,32.983,32.4,36.2,36.4,42.7,33.4
