region,crop,year,price_mean_kzt_t,n_months,price_harvest_aug_oct_kzt_t,n_harvest_months,price_nov_dec_kzt_t,n_nov_dec_months
Абай область,Подсолнечник,2022,177411.33333333334,3,186045.0,1.0,173094.5,2.0
Абай область,Подсолнечник,2023,171108.77777777778,9,,,138237.5,2.0
Абай область,Подсолнечник,2024,146212.27272727274,11,163351.0,3.0,146563.0,2.0
Абай область,Подсолнечник,2025,186375.33333333334,9,182907.0,1.0,189651.0,2.0
Абай область,Подсолнечник,2026,199256.5,8,201908.0,1.0,,
Абай область,Пшеница,2022,91864.0,1,91864.0,1.0,,
Абай область,Пшеница,2023,83792.75,8,79219.33333333333,3.0,81358.0,2.0
Абай область,Пшеница,2024,76375.57142857143,7,76810.33333333333,3.0,67332.0,2.0
Абай область,Пшеница,2025,75970.25,8,77183.0,2.0,78253.5,2.0
Абай область,Пшеница,2026,84624.375,8,83913.0,1.0,,
Абай область,Ячмень,2024,54768.0,1,54768.0,1.0,,
Абай область,Ячмень,2026,55162.0,1,,,,
Акмолинская область,Подсолнечник,2024,142351.5,2,,,149181.0,1.0
Акмолинская область,Подсолнечник,2025,164717.5,4,,,188868.0,1.0
Акмолинская область,Подсолнечник,2026,187140.5,4,,,,
Акмолинская область,Пшеница,2022,110215.33333333333,3,113147.0,1.0,108749.5,2.0
Акмолинская область,Пшеница,2023,98823.25,12,95060.33333333333,3.0,108567.0,2.0
Акмолинская область,Пшеница,2024,104876.16666666667,12,94039.33333333333,3.0,69241.5,2.0
Акмолинская область,Пшеница,2025,86058.83333333333,12,90413.33333333333,3.0,86792.0,2.0
Акмолинская область,Пшеница,2026,90015.88888888889,9,91654.5,2.0,,
Акмолинская область,Ячмень,2022,86570.33333333333,3,90323.0,1.0,84694.0,2.0
Акмолинская область,Ячмень,2023,75678.33333333333,9,64838.333333333336,3.0,60909.5,2.0
Акмолинская область,Ячмень,2025,64881.0,3,75893.0,1.0,70536.0,1.0
Актюбинская область,Подсолнечник,2023,157720.0,2,,,124651.0,1.0
Актюбинская область,Подсолнечник,2025,158124.5,2,,,166444.0,1.0
Актюбинская область,Пшеница,2022,103964.0,3,106579.0,1.0,102656.5,2.0
Актюбинская область,Пшеница,2023,86204.08333333333,12,75406.0,3.0,80676.5,2.0
Актюбинская область,Пшеница,2024,79162.14285714286,7,73803.5,2.0,67478.5,2.0
Актюбинская область,Пшеница,2025,83903.09090909091,11,83272.33333333333,3.0,90082.5,2.0
Актюбинская область,Пшеница,2026,96600.83333333333,6,83293.0,2.0,,
Актюбинская область,Ячмень,2022,79341.0,2,80986.0,1.0,77696.0,1.0
Актюбинская область,Ячмень,2023,75065.0,1,,,,
Актюбинская область,Ячмень,2024,46207.0,1,,,46207.0,1.0
Актюбинская область,Ячмень,2025,67880.0,2,63303.0,1.0,72457.0,1.0
Алматинская область,Кукуруза,2022,82956.0,1,,,82956.0,1.0
Алматинская область,Кукуруза,2023,62451.0,1,,,62451.0,1.0
Алматинская область,Пшеница,2022,128817.0,3,146027.0,1.0,120212.0,2.0
Алматинская область,Пшеница,2023,122981.0,5,113789.66666666667,3.0,,
Алматинская область,Пшеница,2024,85820.0,1,85820.0,1.0,,
Алматинская область,Пшеница,2025,115127.0,1,115127.0,1.0,,
Алматинская область,Пшеница,2026,101399.0,2,106626.0,1.0,,
Алматинская область,Ячмень,2022,95051.0,1,,,95051.0,1.0
Восточно-Казахстанская область,Подсолнечник,2022,173183.66666666666,3,174578.0,1.0,172486.5,2.0
Восточно-Казахстанская область,Подсолнечник,2023,172165.44444444444,9,167543.0,1.0,119731.0,2.0
Восточно-Казахстанская область,Подсолнечник,2024,140292.8,10,139235.0,1.0,151569.5,2.0
Восточно-Казахстанская область,Подсолнечник,2025,190182.0909090909,11,206709.0,2.0,190038.5,2.0
Восточно-Казахстанская область,Подсолнечник,2026,203103.66666666666,9,208857.5,2.0,,
Восточно-Казахстанская область,Пшеница,2022,105359.5,2,,,105359.5,2.0
Восточно-Казахстанская область,Пшеница,2023,87089.9,10,83035.0,3.0,103223.0,2.0
Восточно-Казахстанская область,Пшеница,2024,66826.88888888889,9,67597.0,3.0,58360.0,2.0
Восточно-Казахстанская область,Пшеница,2025,72906.72727272728,11,80507.66666666667,3.0,71408.5,2.0
Восточно-Казахстанская область,Пшеница,2026,83662.83333333333,6,82706.0,1.0,,
Восточно-Казахстанская область,Ячмень,2022,84108.66666666667,3,74265.0,1.0,89030.5,2.0
Восточно-Казахстанская область,Ячмень,2023,67903.33333333333,9,60581.0,1.0,58946.0,2.0
Восточно-Казахстанская область,Ячмень,2024,63212.11111111111,9,70923.0,2.0,,
Восточно-Казахстанская область,Ячмень,2025,88259.25,4,91624.5,2.0,90879.0,1.0
Восточно-Казахстанская область,Ячмень,2026,76185.8,5,74067.5,2.0,,
Жамбылская область,Кукуруза,2022,108788.0,2,,,108788.0,2.0
Жамбылская область,Пшеница,2022,111847.66666666667,3,105333.0,1.0,115105.0,2.0
Жамбылская область,Пшеница,2023,94993.25,4,96975.66666666667,3.0,89046.0,1.0
Жамбылская область,Пшеница,2024,72620.0,1,,,72620.0,1.0
Жамбылская область,Ячмень,2022,98580.33333333333,3,87026.0,1.0,104357.5,2.0
Жамбылская область,Ячмень,2023,91789.0,3,91789.0,3.0,,
Жетісу область,Пшеница,2022,111795.0,3,102920.0,1.0,116232.5,2.0
Жетісу область,Пшеница,2023,94180.33333333333,3,81270.5,2.0,,
Жетісу область,Пшеница,2024,69743.0,2,70942.0,1.0,68544.0,1.0
Жетісу область,Пшеница,2025,55000.0,1,,,,
Жетісу область,Ячмень,2022,99951.0,3,99918.0,1.0,99967.5,2.0
Жетісу область,Ячмень,2025,50000.0,1,,,,
Западно-Казахстанская область,Подсолнечник,2023,171087.5,2,,,,
Западно-Казахстанская область,Подсолнечник,2024,134795.0,5,133554.0,1.0,150530.5,2.0
Западно-Казахстанская область,Подсолнечник,2025,169436.57142857142,7,178930.5,2.0,182968.0,2.0
Западно-Казахстанская область,Пшеница,2022,101552.0,3,106100.0,1.0,99278.0,2.0
Западно-Казахстанская область,Пшеница,2023,94427.58333333333,12,86756.33333333333,3.0,93931.5,2.0
Западно-Казахстанская область,Пшеница,2024,95251.58333333333,12,95783.66666666667,3.0,95273.0,2.0
Западно-Казахстанская область,Пшеница,2025,85945.0,9,81218.66666666667,3.0,84505.0,2.0
Западно-Казахстанская область,Пшеница,2026,91924.5,6,90193.0,2.0,,
Западно-Казахстанская область,Ячмень,2022,87452.5,2,81396.0,1.0,93509.0,1.0
Западно-Казахстанская область,Ячмень,2023,89687.85714285714,7,,,60517.0,1.0
Западно-Казахстанская область,Ячмень,2024,52781.0,3,53042.0,1.0,53018.0,1.0
Западно-Казахстанская область,Ячмень,2026,58244.0,4,64961.0,1.0,,
Карагандинская область,Пшеница,2022,110641.33333333333,3,127381.0,1.0,102271.5,2.0
Карагандинская область,Пшеница,2023,91566.58333333333,12,86712.0,3.0,88188.5,2.0
Карагандинская область,Пшеница,2024,86452.58333333333,12,83251.33333333333,3.0,70514.5,2.0
Карагандинская область,Пшеница,2025,85099.41666666667,12,91419.66666666667,3.0,80862.0,2.0
Карагандинская область,Пшеница,2026,91923.88888888889,9,93986.5,2.0,,
Карагандинская область,Ячмень,2022,62416.5,2,61073.0,1.0,63760.0,1.0
Карагандинская область,Ячмень,2023,63992.444444444445,9,56524.0,1.0,55909.0,1.0
Карагандинская область,Ячмень,2024,51388.375,8,49103.5,2.0,55350.0,2.0
Карагандинская область,Ячмень,2025,55350.0,3,,,55350.0,1.0
Карагандинская область,Ячмень,2026,64669.25,4,70689.0,1.0,,
Костанайская область,Подсолнечник,2022,161437.0,2,,,161437.0,2.0
Костанайская область,Подсолнечник,2023,169268.33333333334,3,,,,
Костанайская область,Подсолнечник,2024,119686.125,8,,,142873.5,2.0
Костанайская область,Подсолнечник,2025,154674.5,6,,,166451.5,2.0
Костанайская область,Подсолнечник,2026,180108.25,8,176778.0,1.0,,
Костанайская область,Пшеница,2022,106595.33333333333,3,107152.0,1.0,106317.0,2.0
Костанайская область,Пшеница,2023,89104.5,12,76415.66666666667,3.0,100887.5,2.0
Костанайская область,Пшеница,2024,90459.0,12,78894.33333333333,3.0,70263.0,2.0
Костанайская область,Пшеница,2025,79580.66666666667,12,85951.0,3.0,77750.5,2.0
Костанайская область,Пшеница,2026,85077.88888888889,9,83788.5,2.0,,
Костанайская область,Ячмень,2022,83305.33333333333,3,84995.0,1.0,82460.5,2.0
Костанайская область,Ячмень,2023,58035.666666666664,3,49107.0,1.0,49107.0,1.0
Костанайская область,Ячмень,2024,44240.0,3,45220.0,1.0,43750.0,2.0
Костанайская область,Ячмень,2025,65418.4,5,70394.0,2.0,,
Кызылординская область,Пшеница,2023,119329.0,1,119329.0,1.0,,
Кызылординская область,Пшеница,2024,101288.0,2,101288.0,2.0,,
Кызылординская область,Пшеница,2025,86581.5,2,86581.5,2.0,,
Кызылординская область,Пшеница,2026,98145.0,2,105945.0,1.0,,
Павлодарская область,Подсолнечник,2022,179651.0,1,,,179651.0,1.0
Павлодарская область,Подсолнечник,2023,153725.0,3,,,117455.0,1.0
Павлодарская область,Подсолнечник,2024,131697.85714285713,7,,,144375.0,2.0
Павлодарская область,Подсолнечник,2025,177597.9090909091,11,174020.5,2.0,181859.5,2.0
Павлодарская область,Подсолнечник,2026,196759.88888888888,9,211167.0,2.0,,
Павлодарская область,Пшеница,2022,90876.66666666667,3,80478.0,1.0,96076.0,2.0
Павлодарская область,Пшеница,2023,100465.5,12,98474.33333333333,3.0,105053.0,2.0
Павлодарская область,Пшеница,2024,89188.09090909091,11,89332.33333333333,3.0,66846.5,2.0
Павлодарская область,Пшеница,2025,75090.83333333333,12,68462.0,3.0,71597.0,2.0
Павлодарская область,Пшеница,2026,79639.55555555556,9,84675.0,2.0,,
Павлодарская область,Ячмень,2023,65573.0,1,,,65573.0,1.0
Павлодарская область,Ячмень,2024,62185.0,1,,,,
Павлодарская область,Ячмень,2025,69303.5,2,,,69303.5,2.0
Павлодарская область,Ячмень,2026,64660.0,1,64660.0,1.0,,
Республика Казахстан,Кукуруза,2022,96007.66666666667,3,95022.0,1.0,96500.5,2.0
Республика Казахстан,Кукуруза,2023,73139.33333333333,3,80725.0,1.0,69346.5,2.0
Республика Казахстан,Кукуруза,2024,65850.66666666667,6,75245.0,2.0,61206.0,2.0
Республика Казахстан,Кукуруза,2025,85527.25,4,99829.5,2.0,,
Республика Казахстан,Кукуруза,2026,85497.5,2,99483.0,1.0,,
Республика Казахстан,Подсолнечник,2022,175859.0,3,183975.0,1.0,171801.0,2.0
Республика Казахстан,Подсолнечник,2023,159769.75,12,141957.33333333334,3.0,125682.5,2.0
Республика Казахстан,Подсолнечник,2024,141245.16666666666,12,154842.33333333334,3.0,148451.0,2.0
Республика Казахстан,Подсолнечник,2025,187523.08333333334,12,206477.0,3.0,185067.0,2.0
Республика Казахстан,Подсолнечник,2026,196828.11111111112,9,206959.5,2.0,,
Республика Казахстан,Пшеница,2022,107059.33333333333,3,108827.0,1.0,106175.5,2.0
Республика Казахстан,Пшеница,2023,93615.66666666667,12,87386.66666666667,3.0,100036.0,2.0
Республика Казахстан,Пшеница,2024,93045.5,12,84471.66666666667,3.0,68559.5,2.0
Республика Казахстан,Пшеница,2025,80867.25,12,85675.66666666667,3.0,80313.5,2.0
Республика Казахстан,Пшеница,2026,86640.55555555556,9,87035.0,2.0,,
Республика Казахстан,Ячмень,2022,87088.0,3,87143.0,1.0,87060.5,2.0
Республика Казахстан,Ячмень,2023,73716.5,12,68638.66666666667,3.0,63737.5,2.0
Республика Казахстан,Ячмень,2024,60353.333333333336,12,63152.666666666664,3.0,49261.0,2.0
Республика Казахстан,Ячмень,2025,67164.16666666667,12,74829.33333333333,3.0,77441.5,2.0
Республика Казахстан,Ячмень,2026,71416.11111111111,9,77510.0,2.0,,
Северо-Казахстанская область,Подсолнечник,2022,172380.0,1,,,172380.0,1.0
Северо-Казахстанская область,Подсолнечник,2023,155876.25,4,131584.0,1.0,138408.0,1.0
Северо-Казахстанская область,Подсолнечник,2024,135499.7142857143,7,,,143193.0,2.0
Северо-Казахстанская область,Подсолнечник,2025,173035.11111111112,9,,,172103.5,2.0
Северо-Казахстанская область,Подсолнечник,2026,186710.33333333334,9,204311.5,2.0,,
Северо-Казахстанская область,Пшеница,2022,105417.66666666667,3,106756.0,1.0,104748.5,2.0
Северо-Казахстанская область,Пшеница,2023,91444.83333333333,12,88034.0,3.0,95088.0,2.0
Северо-Казахстанская область,Пшеница,2024,87334.08333333333,12,84151.33333333333,3.0,66584.0,2.0
Северо-Казахстанская область,Пшеница,2025,76329.41666666667,12,80415.66666666667,3.0,75182.5,2.0
Северо-Казахстанская область,Пшеница,2026,82598.55555555556,9,82155.5,2.0,,
Северо-Казахстанская область,Ячмень,2022,82432.0,3,84106.0,1.0,81595.0,2.0
Северо-Казахстанская область,Ячмень,2023,70694.9,10,66140.0,3.0,60873.0,2.0
Северо-Казахстанская область,Ячмень,2024,58712.181818181816,11,61969.0,3.0,45889.0,2.0
Северо-Казахстанская область,Ячмень,2025,60953.36363636364,11,67897.66666666667,3.0,67157.5,2.0
Северо-Казахстанская область,Ячмень,2026,65169.375,8,60281.0,1.0,,
Туркестанская область,Кукуруза,2022,85159.0,1,85159.0,1.0,,
Туркестанская область,Кукуруза,2023,80725.0,1,80725.0,1.0,,
Туркестанская область,Кукуруза,2024,75817.0,2,75817.0,2.0,,
Туркестанская область,Кукуруза,2025,99829.5,2,99829.5,2.0,,
Туркестанская область,Кукуруза,2026,99483.0,1,99483.0,1.0,,
Туркестанская область,Пшеница,2022,114070.33333333333,3,111920.0,1.0,115145.5,2.0
Туркестанская область,Пшеница,2023,84908.0,4,78194.0,3.0,,
Туркестанская область,Пшеница,2024,63679.0,4,64939.666666666664,3.0,59897.0,1.0
Туркестанская область,Пшеница,2025,100358.75,4,98204.66666666667,3.0,106821.0,1.0
Туркестанская область,Пшеница,2026,98875.5,2,98875.5,2.0,,
Туркестанская область,Ячмень,2022,96439.0,1,96439.0,1.0,,
Туркестанская область,Ячмень,2023,67294.5,2,67294.5,2.0,,
Туркестанская область,Ячмень,2024,57500.0,2,57500.0,2.0,,
Туркестанская область,Ячмень,2025,95000.0,1,95000.0,1.0,,
Туркестанская область,Ячмень,2026,97347.0,1,97347.0,1.0,,
